[ 1038632ms] [LOG] [Fast Refresh] rebuilding @ http://localhost:2222/_next/static/chunks/d6ff3_next_dist_f5869406._.js:2287
[ 1038787ms] [LOG] [Fast Refresh] done in 258ms @ http://localhost:2222/_next/static/chunks/d6ff3_next_dist_f5869406._.js:2287
[ 1043603ms] [LOG] [Fast Refresh] rebuilding @ http://localhost:2222/_next/static/chunks/d6ff3_next_dist_f5869406._.js:2287
[ 1043669ms] [LOG] [Fast Refresh] done in 167ms @ http://localhost:2222/_next/static/chunks/d6ff3_next_dist_f5869406._.js:2287
[ 1457186ms] [LOG] [Fast Refresh] rebuilding @ http://localhost:2222/_next/static/chunks/d6ff3_next_dist_f5869406._.js:2287
[ 1457279ms] [LOG] [Fast Refresh] done in 195ms @ http://localhost:2222/_next/static/chunks/d6ff3_next_dist_f5869406._.js:2287
[ 1466931ms] [LOG] [Fast Refresh] rebuilding @ http://localhost:2222/_next/static/chunks/d6ff3_next_dist_f5869406._.js:2287
[ 1466938ms] [LOG] [Fast Refresh] done in 109ms @ http://localhost:2222/_next/static/chunks/d6ff3_next_dist_f5869406._.js:2287
[ 1543419ms] [LOG] [Fast Refresh] rebuilding @ http://localhost:2222/_next/static/chunks/d6ff3_next_dist_f5869406._.js:2287
[ 1543669ms] [LOG] [Fast Refresh] done in 318ms @ http://localhost:2222/_next/static/chunks/d6ff3_next_dist_f5869406._.js:2287
[ 1555174ms] [LOG] [Fast Refresh] rebuilding @ http://localhost:2222/_next/static/chunks/d6ff3_next_dist_f5869406._.js:2287
[ 1555365ms] [LOG] [Fast Refresh] done in 266ms @ http://localhost:2222/_next/static/chunks/d6ff3_next_dist_f5869406._.js:2287
[ 1566319ms] [LOG] [Fast Refresh] rebuilding @ http://localhost:2222/_next/static/chunks/d6ff3_next_dist_f5869406._.js:2287
[ 1566405ms] [LOG] [Fast Refresh] done in 157ms @ http://localhost:2222/_next/static/chunks/d6ff3_next_dist_f5869406._.js:2287
[ 1622783ms] [LOG] [Fast Refresh] rebuilding @ http://localhost:2222/_next/static/chunks/d6ff3_next_dist_f5869406._.js:2287
[ 1623409ms] [LOG] [Fast Refresh] done in 697ms @ http://localhost:2222/_next/static/chunks/d6ff3_next_dist_f5869406._.js:2287
[ 1920758ms] [LOG] [Fast Refresh] rebuilding @ http://localhost:2222/_next/static/chunks/d6ff3_next_dist_f5869406._.js:2287
[ 1920981ms] [LOG] [Fast Refresh] done in 297ms @ http://localhost:2222/_next/static/chunks/d6ff3_next_dist_f5869406._.js:2287
[ 1945599ms] [LOG] [Fast Refresh] rebuilding @ http://localhost:2222/_next/static/chunks/d6ff3_next_dist_f5869406._.js:2287
[ 1945745ms] [LOG] [Fast Refresh] done in 180ms @ http://localhost:2222/_next/static/chunks/d6ff3_next_dist_f5869406._.js:2287
[ 1952032ms] [LOG] [Fast Refresh] rebuilding @ http://localhost:2222/_next/static/chunks/d6ff3_next_dist_f5869406._.js:2287
[ 1952066ms] [LOG] [Fast Refresh] done in 136ms @ http://localhost:2222/_next/static/chunks/d6ff3_next_dist_f5869406._.js:2287
[ 1958932ms] [LOG] [Fast Refresh] rebuilding @ http://localhost:2222/_next/static/chunks/d6ff3_next_dist_f5869406._.js:2287
[ 1958968ms] [LOG] [Fast Refresh] done in 137ms @ http://localhost:2222/_next/static/chunks/d6ff3_next_dist_f5869406._.js:2287
[ 1971685ms] [LOG] [Fast Refresh] rebuilding @ http://localhost:2222/_next/static/chunks/d6ff3_next_dist_f5869406._.js:2287
[ 1971784ms] [LOG] [Fast Refresh] done in 155ms @ http://localhost:2222/_next/static/chunks/d6ff3_next_dist_f5869406._.js:2287
[ 1977233ms] [LOG] [Fast Refresh] rebuilding @ http://localhost:2222/_next/static/chunks/d6ff3_next_dist_f5869406._.js:2287
[ 1977358ms] [ERROR] ./src/hooks/developers/useOpenApiSpec.ts:151:16
Parsing ecmascript source code failed
  149 |                     : undefined,
  150 |                 },
> 151 |               ])
      |                ^
  152 |             )
  153 |           : {},
  154 |       };

Expected ';', got ')'

Import traces:
  Client Component Browser:
    ./src/hooks/developers/useOpenApiSpec.ts [Client Component Browser]
    ./src/app/developers/api/page.tsx [Client Component Browser]
    ./src/app/developers/api/page.tsx [Server Component]

  Client Component SSR:
    ./src/hooks/developers/useOpenApiSpec.ts [Client Component SSR]
    ./src/app/developers/api/page.tsx [Client Component SSR]
    ./src/app/developers/api/page.tsx [Server Component] @ http://localhost:2222/_next/static/chunks/d6ff3_next_dist_f5869406._.js:3117
[ 1982266ms] [LOG] [Fast Refresh] rebuilding @ http://localhost:2222/_next/static/chunks/d6ff3_next_dist_f5869406._.js:2287
[ 1982420ms] [LOG] [Fast Refresh] done in 189ms @ http://localhost:2222/_next/static/chunks/d6ff3_next_dist_f5869406._.js:2287
[ 1982521ms] [LOG] [Fast Refresh] rebuilding @ http://localhost:2222/_next/static/chunks/d6ff3_next_dist_f5869406._.js:2287
[ 1982634ms] [LOG] [Fast Refresh] done in 213ms @ http://localhost:2222/_next/static/chunks/d6ff3_next_dist_f5869406._.js:2287
[ 2054922ms] [LOG] [Fast Refresh] rebuilding @ http://localhost:2222/_next/static/chunks/d6ff3_next_dist_f5869406._.js:2287
[ 2055099ms] [LOG] [Fast Refresh] done in 251ms @ http://localhost:2222/_next/static/chunks/d6ff3_next_dist_f5869406._.js:2287
[ 2063266ms] [LOG] [Fast Refresh] rebuilding @ http://localhost:2222/_next/static/chunks/d6ff3_next_dist_f5869406._.js:2287
[ 2063396ms] [LOG] [Fast Refresh] done in 203ms @ http://localhost:2222/_next/static/chunks/d6ff3_next_dist_f5869406._.js:2287
[ 2069501ms] [LOG] [Fast Refresh] rebuilding @ http://localhost:2222/_next/static/chunks/d6ff3_next_dist_f5869406._.js:2287
[ 2069562ms] [LOG] [Fast Refresh] done in 135ms @ http://localhost:2222/_next/static/chunks/d6ff3_next_dist_f5869406._.js:2287
[ 2198111ms] [LOG] [Fast Refresh] rebuilding @ http://localhost:2222/_next/static/chunks/d6ff3_next_dist_f5869406._.js:2287
[ 2198275ms] [LOG] [Fast Refresh] done in 264ms @ http://localhost:2222/_next/static/chunks/d6ff3_next_dist_f5869406._.js:2287
[ 2228448ms] [LOG] [Fast Refresh] rebuilding @ http://localhost:2222/_next/static/chunks/d6ff3_next_dist_f5869406._.js:2287
[ 2228615ms] [LOG] [Fast Refresh] done in 271ms @ http://localhost:2222/_next/static/chunks/d6ff3_next_dist_f5869406._.js:2287
[ 2254197ms] [LOG] [Fast Refresh] rebuilding @ http://localhost:2222/_next/static/chunks/d6ff3_next_dist_f5869406._.js:2287
[ 2254767ms] [LOG] [Fast Refresh] done in 596ms @ http://localhost:2222/_next/static/chunks/d6ff3_next_dist_f5869406._.js:2287
[ 2260181ms] [LOG] [Fast Refresh] rebuilding @ http://localhost:2222/_next/static/chunks/d6ff3_next_dist_f5869406._.js:2287
[ 2260239ms] [LOG] [Fast Refresh] done in 159ms @ http://localhost:2222/_next/static/chunks/d6ff3_next_dist_f5869406._.js:2287
[ 2276020ms] [LOG] [Fast Refresh] rebuilding @ http://localhost:2222/_next/static/chunks/d6ff3_next_dist_f5869406._.js:2287
[ 2276157ms] [LOG] [Fast Refresh] done in 213ms @ http://localhost:2222/_next/static/chunks/d6ff3_next_dist_f5869406._.js:2287
[ 2483981ms] [LOG] [Fast Refresh] rebuilding @ http://localhost:2222/_next/static/chunks/d6ff3_next_dist_f5869406._.js:2287
[ 2484189ms] [WARNING] unknown format "hex" ignored in schema at path "#/properties/key" @ http://localhost:2222/_next/static/chunks/d6ff3_next_dist_f5869406._.js:2287
[ 2484190ms] [WARNING] unknown format "hex" ignored in schema at path "#/properties/key" @ http://localhost:2222/_next/static/chunks/d6ff3_next_dist_f5869406._.js:2287
[ 2484192ms] [WARNING] unknown format "hex" ignored in schema at path "#/properties/key" @ http://localhost:2222/_next/static/chunks/d6ff3_next_dist_f5869406._.js:2287
[ 2484192ms] [WARNING] unknown format "hex" ignored in schema at path "#/properties/key" @ http://localhost:2222/_next/static/chunks/d6ff3_next_dist_f5869406._.js:2287
[ 2484200ms] [WARNING] unknown format "hex" ignored in schema at path "#/properties/sender" @ http://localhost:2222/_next/static/chunks/d6ff3_next_dist_f5869406._.js:2287
[ 2484203ms] [WARNING] unknown format "hex" ignored in schema at path "#/properties/sender" @ http://localhost:2222/_next/static/chunks/d6ff3_next_dist_f5869406._.js:2287
[ 2484204ms] [WARNING] unknown format "uint64" ignored in schema at path "#/properties/sequence_number" @ http://localhost:2222/_next/static/chunks/d6ff3_next_dist_f5869406._.js:2287
[ 2484205ms] [WARNING] unknown format "uint64" ignored in schema at path "#/properties/sequence_number" @ http://localhost:2222/_next/static/chunks/d6ff3_next_dist_f5869406._.js:2287
[ 2484205ms] [WARNING] unknown format "uint64" ignored in schema at path "#/properties/max_gas_amount" @ http://localhost:2222/_next/static/chunks/d6ff3_next_dist_f5869406._.js:2287
[ 2484205ms] [WARNING] unknown format "uint64" ignored in schema at path "#/properties/max_gas_amount" @ http://localhost:2222/_next/static/chunks/d6ff3_next_dist_f5869406._.js:2287
[ 2484206ms] [WARNING] unknown format "uint64" ignored in schema at path "#/properties/gas_unit_price" @ http://localhost:2222/_next/static/chunks/d6ff3_next_dist_f5869406._.js:2287
[ 2484206ms] [WARNING] unknown format "uint64" ignored in schema at path "#/properties/gas_unit_price" @ http://localhost:2222/_next/static/chunks/d6ff3_next_dist_f5869406._.js:2287
[ 2484207ms] [WARNING] unknown format "uint64" ignored in schema at path "#/properties/expiration_timestamp_secs" @ http://localhost:2222/_next/static/chunks/d6ff3_next_dist_f5869406._.js:2287
[ 2484209ms] [WARNING] unknown format "uint64" ignored in schema at path "#/properties/expiration_timestamp_secs" @ http://localhost:2222/_next/static/chunks/d6ff3_next_dist_f5869406._.js:2287
[ 2484211ms] [WARNING] unknown format "hex" ignored in schema at path "#/properties/payload/oneOf/1/properties/code/properties/bytecode" @ http://localhost:2222/_next/static/chunks/d6ff3_next_dist_f5869406._.js:2287
[ 2484211ms] [WARNING] unknown format "hex" ignored in schema at path "#/properties/payload/oneOf/1/properties/code/properties/bytecode" @ http://localhost:2222/_next/static/chunks/d6ff3_next_dist_f5869406._.js:2287
[ 2484216ms] [WARNING] unknown format "hex" ignored in schema at path "#/properties/payload/oneOf/3/properties/multisig_address" @ http://localhost:2222/_next/static/chunks/d6ff3_next_dist_f5869406._.js:2287
[ 2484216ms] [WARNING] unknown format "hex" ignored in schema at path "#/properties/payload/oneOf/3/properties/multisig_address" @ http://localhost:2222/_next/static/chunks/d6ff3_next_dist_f5869406._.js:2287
[ 2484217ms] [WARNING] unknown format "uint64" ignored in schema at path "#/properties/replay_protection_nonce" @ http://localhost:2222/_next/static/chunks/d6ff3_next_dist_f5869406._.js:2287
[ 2484217ms] [WARNING] unknown format "uint64" ignored in schema at path "#/properties/replay_protection_nonce" @ http://localhost:2222/_next/static/chunks/d6ff3_next_dist_f5869406._.js:2287
[ 2484218ms] [WARNING] unknown format "hex" ignored in schema at path "#/properties/signature/oneOf/0/properties/public_key" @ http://localhost:2222/_next/static/chunks/d6ff3_next_dist_f5869406._.js:2287
[ 2484218ms] [WARNING] unknown format "hex" ignored in schema at path "#/properties/signature/oneOf/0/properties/public_key" @ http://localhost:2222/_next/static/chunks/d6ff3_next_dist_f5869406._.js:2287
[ 2484218ms] [WARNING] unknown format "hex" ignored in schema at path "#/properties/signature/oneOf/0/properties/signature" @ http://localhost:2222/_next/static/chunks/d6ff3_next_dist_f5869406._.js:2287
[ 2484218ms] [WARNING] unknown format "hex" ignored in schema at path "#/properties/signature/oneOf/0/properties/signature" @ http://localhost:2222/_next/static/chunks/d6ff3_next_dist_f5869406._.js:2287
[ 2484219ms] [WARNING] unknown format "hex" ignored in schema at path "#/properties/signature/oneOf/1/properties/public_keys/items" @ http://localhost:2222/_next/static/chunks/d6ff3_next_dist_f5869406._.js:2287
[ 2484220ms] [WARNING] unknown format "hex" ignored in schema at path "#/properties/signature/oneOf/1/properties/public_keys/items" @ http://localhost:2222/_next/static/chunks/d6ff3_next_dist_f5869406._.js:2287
[ 2484220ms] [WARNING] unknown format "hex" ignored in schema at path "#/properties/signature/oneOf/1/properties/signatures/items" @ http://localhost:2222/_next/static/chunks/d6ff3_next_dist_f5869406._.js:2287
[ 2484221ms] [WARNING] unknown format "hex" ignored in schema at path "#/properties/signature/oneOf/1/properties/signatures/items" @ http://localhost:2222/_next/static/chunks/d6ff3_next_dist_f5869406._.js:2287
[ 2484221ms] [WARNING] unknown format "uint8" ignored in schema at path "#/properties/signature/oneOf/1/properties/threshold" @ http://localhost:2222/_next/static/chunks/d6ff3_next_dist_f5869406._.js:2287
[ 2484221ms] [WARNING] unknown format "uint8" ignored in schema at path "#/properties/signature/oneOf/1/properties/threshold" @ http://localhost:2222/_next/static/chunks/d6ff3_next_dist_f5869406._.js:2287
[ 2484221ms] [WARNING] unknown format "hex" ignored in schema at path "#/properties/signature/oneOf/1/properties/bitmap" @ http://localhost:2222/_next/static/chunks/d6ff3_next_dist_f5869406._.js:2287
[ 2484221ms] [WARNING] unknown format "hex" ignored in schema at path "#/properties/signature/oneOf/1/properties/bitmap" @ http://localhost:2222/_next/static/chunks/d6ff3_next_dist_f5869406._.js:2287
[ 2484222ms] [WARNING] unknown format "hex" ignored in schema at path "#/properties/signature/oneOf/2/properties/secondary_signer_addresses/items" @ http://localhost:2222/_next/static/chunks/d6ff3_next_dist_f5869406._.js:2287
[ 2484222ms] [WARNING] unknown format "hex" ignored in schema at path "#/properties/signature/oneOf/2/properties/secondary_signer_addresses/items" @ http://localhost:2222/_next/static/chunks/d6ff3_next_dist_f5869406._.js:2287
[ 2484224ms] [WARNING] unknown format "hex" ignored in schema at path "#/properties/signature/oneOf/3/properties/secondary_signer_addresses/items" @ http://localhost:2222/_next/static/chunks/d6ff3_next_dist_f5869406._.js:2287
[ 2484224ms] [WARNING] unknown format "hex" ignored in schema at path "#/properties/signature/oneOf/3/properties/secondary_signer_addresses/items" @ http://localhost:2222/_next/static/chunks/d6ff3_next_dist_f5869406._.js:2287
[ 2484224ms] [WARNING] unknown format "hex" ignored in schema at path "#/properties/signature/oneOf/3/properties/fee_payer_address" @ http://localhost:2222/_next/static/chunks/d6ff3_next_dist_f5869406._.js:2287
[ 2484224ms] [WARNING] unknown format "hex" ignored in schema at path "#/properties/signature/oneOf/3/properties/fee_payer_address" @ http://localhost:2222/_next/static/chunks/d6ff3_next_dist_f5869406._.js:2287
[ 2484226ms] [WARNING] unknown format "uint8" ignored in schema at path "#/properties/signature/oneOf/4/oneOf/1/properties/threshold" @ http://localhost:2222/_next/static/chunks/d6ff3_next_dist_f5869406._.js:2287
[ 2484226ms] [WARNING] unknown format "uint8" ignored in schema at path "#/properties/signature/oneOf/4/oneOf/1/properties/threshold" @ http://localhost:2222/_next/static/chunks/d6ff3_next_dist_f5869406._.js:2287
[ 2484226ms] [WARNING] unknown format "uint8" ignored in schema at path "#/properties/signature/oneOf/4/oneOf/3/properties/signatures_required" @ http://localhost:2222/_next/static/chunks/d6ff3_next_dist_f5869406._.js:2287
[ 2484227ms] [WARNING] unknown format "uint8" ignored in schema at path "#/properties/signature/oneOf/4/oneOf/3/properties/signatures_required" @ http://localhost:2222/_next/static/chunks/d6ff3_next_dist_f5869406._.js:2287
[ 2484234ms] [WARNING] unknown format "hex" ignored in schema at path "#/properties/sender" @ http://localhost:2222/_next/static/chunks/d6ff3_next_dist_f5869406._.js:2287
[ 2484234ms] [WARNING] unknown format "hex" ignored in schema at path "#/properties/sender" @ http://localhost:2222/_next/static/chunks/d6ff3_next_dist_f5869406._.js:2287
[ 2484234ms] [WARNING] unknown format "uint64" ignored in schema at path "#/properties/sequence_number" @ http://localhost:2222/_next/static/chunks/d6ff3_next_dist_f5869406._.js:2287
[ 2484234ms] [WARNING] unknown format "uint64" ignored in schema at path "#/properties/sequence_number" @ http://localhost:2222/_next/static/chunks/d6ff3_next_dist_f5869406._.js:2287
[ 2484235ms] [WARNING] unknown format "uint64" ignored in schema at path "#/properties/max_gas_amount" @ http://localhost:2222/_next/static/chunks/d6ff3_next_dist_f5869406._.js:2287
[ 2484236ms] [WARNING] unknown format "uint64" ignored in schema at path "#/properties/max_gas_amount" @ http://localhost:2222/_next/static/chunks/d6ff3_next_dist_f5869406._.js:2287
[ 2484237ms] [WARNING] unknown format "uint64" ignored in schema at path "#/properties/gas_unit_price" @ http://localhost:2222/_next/static/chunks/d6ff3_next_dist_f5869406._.js:2287
[ 2484237ms] [WARNING] unknown format "uint64" ignored in schema at path "#/properties/gas_unit_price" @ http://localhost:2222/_next/static/chunks/d6ff3_next_dist_f5869406._.js:2287
[ 2484237ms] [WARNING] unknown format "uint64" ignored in schema at path "#/properties/expiration_timestamp_secs" @ http://localhost:2222/_next/static/chunks/d6ff3_next_dist_f5869406._.js:2287
[ 2484237ms] [WARNING] unknown format "uint64" ignored in schema at path "#/properties/expiration_timestamp_secs" @ http://localhost:2222/_next/static/chunks/d6ff3_next_dist_f5869406._.js:2287
[ 2484238ms] [WARNING] unknown format "hex" ignored in schema at path "#/properties/payload/oneOf/1/properties/code/properties/bytecode" @ http://localhost:2222/_next/static/chunks/d6ff3_next_dist_f5869406._.js:2287
[ 2484239ms] [WARNING] unknown format "hex" ignored in schema at path "#/properties/payload/oneOf/1/properties/code/properties/bytecode" @ http://localhost:2222/_next/static/chunks/d6ff3_next_dist_f5869406._.js:2287
[ 2484240ms] [WARNING] unknown format "hex" ignored in schema at path "#/properties/payload/oneOf/3/properties/multisig_address" @ http://localhost:2222/_next/static/chunks/d6ff3_next_dist_f5869406._.js:2287
[ 2484240ms] [WARNING] unknown format "hex" ignored in schema at path "#/properties/payload/oneOf/3/properties/multisig_address" @ http://localhost:2222/_next/static/chunks/d6ff3_next_dist_f5869406._.js:2287
[ 2484241ms] [WARNING] unknown format "uint64" ignored in schema at path "#/properties/replay_protection_nonce" @ http://localhost:2222/_next/static/chunks/d6ff3_next_dist_f5869406._.js:2287
[ 2484241ms] [WARNING] unknown format "uint64" ignored in schema at path "#/properties/replay_protection_nonce" @ http://localhost:2222/_next/static/chunks/d6ff3_next_dist_f5869406._.js:2287
[ 2484241ms] [WARNING] unknown format "hex" ignored in schema at path "#/properties/signature/oneOf/0/properties/public_key" @ http://localhost:2222/_next/static/chunks/d6ff3_next_dist_f5869406._.js:2287
[ 2484241ms] [WARNING] unknown format "hex" ignored in schema at path "#/properties/signature/oneOf/0/properties/public_key" @ http://localhost:2222/_next/static/chunks/d6ff3_next_dist_f5869406._.js:2287
[ 2484241ms] [WARNING] unknown format "hex" ignored in schema at path "#/properties/signature/oneOf/0/properties/signature" @ http://localhost:2222/_next/static/chunks/d6ff3_next_dist_f5869406._.js:2287
[ 2484241ms] [WARNING] unknown format "hex" ignored in schema at path "#/properties/signature/oneOf/0/properties/signature" @ http://localhost:2222/_next/static/chunks/d6ff3_next_dist_f5869406._.js:2287
[ 2484243ms] [WARNING] unknown format "hex" ignored in schema at path "#/properties/signature/oneOf/1/properties/public_keys/items" @ http://localhost:2222/_next/static/chunks/d6ff3_next_dist_f5869406._.js:2287
[ 2484244ms] [WARNING] unknown format "hex" ignored in schema at path "#/properties/signature/oneOf/1/properties/public_keys/items" @ http://localhost:2222/_next/static/chunks/d6ff3_next_dist_f5869406._.js:2287
[ 2484244ms] [WARNING] unknown format "hex" ignored in schema at path "#/properties/signature/oneOf/1/properties/signatures/items" @ http://localhost:2222/_next/static/chunks/d6ff3_next_dist_f5869406._.js:2287
[ 2484244ms] [WARNING] unknown format "hex" ignored in schema at path "#/properties/signature/oneOf/1/properties/signatures/items" @ http://localhost:2222/_next/static/chunks/d6ff3_next_dist_f5869406._.js:2287
[ 2484244ms] [WARNING] unknown format "uint8" ignored in schema at path "#/properties/signature/oneOf/1/properties/threshold" @ http://localhost:2222/_next/static/chunks/d6ff3_next_dist_f5869406._.js:2287
[ 2484245ms] [WARNING] unknown format "uint8" ignored in schema at path "#/properties/signature/oneOf/1/properties/threshold" @ http://localhost:2222/_next/static/chunks/d6ff3_next_dist_f5869406._.js:2287
[ 2484245ms] [WARNING] unknown format "hex" ignored in schema at path "#/properties/signature/oneOf/1/properties/bitmap" @ http://localhost:2222/_next/static/chunks/d6ff3_next_dist_f5869406._.js:2287
[ 2484245ms] [WARNING] unknown format "hex" ignored in schema at path "#/properties/signature/oneOf/1/properties/bitmap" @ http://localhost:2222/_next/static/chunks/d6ff3_next_dist_f5869406._.js:2287
[ 2484245ms] [WARNING] unknown format "hex" ignored in schema at path "#/properties/signature/oneOf/2/properties/secondary_signer_addresses/items" @ http://localhost:2222/_next/static/chunks/d6ff3_next_dist_f5869406._.js:2287
[ 2484248ms] [WARNING] unknown format "hex" ignored in schema at path "#/properties/signature/oneOf/2/properties/secondary_signer_addresses/items" @ http://localhost:2222/_next/static/chunks/d6ff3_next_dist_f5869406._.js:2287
[ 2484249ms] [WARNING] unknown format "hex" ignored in schema at path "#/properties/signature/oneOf/3/properties/secondary_signer_addresses/items" @ http://localhost:2222/_next/static/chunks/d6ff3_next_dist_f5869406._.js:2287
[ 2484249ms] [WARNING] unknown format "hex" ignored in schema at path "#/properties/signature/oneOf/3/properties/secondary_signer_addresses/items" @ http://localhost:2222/_next/static/chunks/d6ff3_next_dist_f5869406._.js:2287
[ 2484249ms] [WARNING] unknown format "hex" ignored in schema at path "#/properties/signature/oneOf/3/properties/fee_payer_address" @ http://localhost:2222/_next/static/chunks/d6ff3_next_dist_f5869406._.js:2287
[ 2484250ms] [WARNING] unknown format "hex" ignored in schema at path "#/properties/signature/oneOf/3/properties/fee_payer_address" @ http://localhost:2222/_next/static/chunks/d6ff3_next_dist_f5869406._.js:2287
[ 2484250ms] [WARNING] unknown format "uint8" ignored in schema at path "#/properties/signature/oneOf/4/oneOf/1/properties/threshold" @ http://localhost:2222/_next/static/chunks/d6ff3_next_dist_f5869406._.js:2287
[ 2484250ms] [WARNING] unknown format "uint8" ignored in schema at path "#/properties/signature/oneOf/4/oneOf/1/properties/threshold" @ http://localhost:2222/_next/static/chunks/d6ff3_next_dist_f5869406._.js:2287
[ 2484250ms] [WARNING] unknown format "uint8" ignored in schema at path "#/properties/signature/oneOf/4/oneOf/3/properties/signatures_required" @ http://localhost:2222/_next/static/chunks/d6ff3_next_dist_f5869406._.js:2287
[ 2484251ms] [WARNING] unknown format "uint8" ignored in schema at path "#/properties/signature/oneOf/4/oneOf/3/properties/signatures_required" @ http://localhost:2222/_next/static/chunks/d6ff3_next_dist_f5869406._.js:2287
[ 2484264ms] [WARNING] unknown format "hex" ignored in schema at path "#/items/properties/sender" @ http://localhost:2222/_next/static/chunks/d6ff3_next_dist_f5869406._.js:2287
[ 2484264ms] [WARNING] unknown format "hex" ignored in schema at path "#/items/properties/sender" @ http://localhost:2222/_next/static/chunks/d6ff3_next_dist_f5869406._.js:2287
[ 2484265ms] [WARNING] unknown format "uint64" ignored in schema at path "#/items/properties/sequence_number" @ http://localhost:2222/_next/static/chunks/d6ff3_next_dist_f5869406._.js:2287
[ 2484265ms] [WARNING] unknown format "uint64" ignored in schema at path "#/items/properties/sequence_number" @ http://localhost:2222/_next/static/chunks/d6ff3_next_dist_f5869406._.js:2287
[ 2484265ms] [WARNING] unknown format "uint64" ignored in schema at path "#/items/properties/max_gas_amount" @ http://localhost:2222/_next/static/chunks/d6ff3_next_dist_f5869406._.js:2287
[ 2484265ms] [WARNING] unknown format "uint64" ignored in schema at path "#/items/properties/max_gas_amount" @ http://localhost:2222/_next/static/chunks/d6ff3_next_dist_f5869406._.js:2287
[ 2484265ms] [WARNING] unknown format "uint64" ignored in schema at path "#/items/properties/gas_unit_price" @ http://localhost:2222/_next/static/chunks/d6ff3_next_dist_f5869406._.js:2287
[ 2484265ms] [WARNING] unknown format "uint64" ignored in schema at path "#/items/properties/gas_unit_price" @ http://localhost:2222/_next/static/chunks/d6ff3_next_dist_f5869406._.js:2287
[ 2484266ms] [WARNING] unknown format "uint64" ignored in schema at path "#/items/properties/expiration_timestamp_secs" @ http://localhost:2222/_next/static/chunks/d6ff3_next_dist_f5869406._.js:2287
[ 2484266ms] [WARNING] unknown format "uint64" ignored in schema at path "#/items/properties/expiration_timestamp_secs" @ http://localhost:2222/_next/static/chunks/d6ff3_next_dist_f5869406._.js:2287
[ 2484267ms] [WARNING] unknown format "hex" ignored in schema at path "#/items/properties/payload/oneOf/3/properties/multisig_address" @ http://localhost:2222/_next/static/chunks/d6ff3_next_dist_f5869406._.js:2287
[ 2484267ms] [WARNING] unknown format "hex" ignored in schema at path "#/items/properties/payload/oneOf/3/properties/multisig_address" @ http://localhost:2222/_next/static/chunks/d6ff3_next_dist_f5869406._.js:2287
[ 2484268ms] [WARNING] unknown format "uint64" ignored in schema at path "#/items/properties/replay_protection_nonce" @ http://localhost:2222/_next/static/chunks/d6ff3_next_dist_f5869406._.js:2287
[ 2484268ms] [WARNING] unknown format "uint64" ignored in schema at path "#/items/properties/replay_protection_nonce" @ http://localhost:2222/_next/static/chunks/d6ff3_next_dist_f5869406._.js:2287
[ 2484268ms] [WARNING] unknown format "hex" ignored in schema at path "#/items/properties/signature/oneOf/0/properties/public_key" @ http://localhost:2222/_next/static/chunks/d6ff3_next_dist_f5869406._.js:2287
[ 2484269ms] [WARNING] unknown format "hex" ignored in schema at path "#/items/properties/signature/oneOf/0/properties/public_key" @ http://localhost:2222/_next/static/chunks/d6ff3_next_dist_f5869406._.js:2287
[ 2484270ms] [WARNING] unknown format "hex" ignored in schema at path "#/items/properties/signature/oneOf/0/properties/signature" @ http://localhost:2222/_next/static/chunks/d6ff3_next_dist_f5869406._.js:2287
[ 2484271ms] [WARNING] unknown format "hex" ignored in schema at path "#/items/properties/signature/oneOf/0/properties/signature" @ http://localhost:2222/_next/static/chunks/d6ff3_next_dist_f5869406._.js:2287
[ 2484271ms] [WARNING] unknown format "hex" ignored in schema at path "#/items/properties/signature/oneOf/1/properties/public_keys/items" @ http://localhost:2222/_next/static/chunks/d6ff3_next_dist_f5869406._.js:2287
[ 2484272ms] [WARNING] unknown format "hex" ignored in schema at path "#/items/properties/signature/oneOf/1/properties/public_keys/items" @ http://localhost:2222/_next/static/chunks/d6ff3_next_dist_f5869406._.js:2287
[ 2484272ms] [WARNING] unknown format "hex" ignored in schema at path "#/items/properties/signature/oneOf/1/properties/signatures/items" @ http://localhost:2222/_next/static/chunks/d6ff3_next_dist_f5869406._.js:2287
[ 2484272ms] [WARNING] unknown format "hex" ignored in schema at path "#/items/properties/signature/oneOf/1/properties/signatures/items" @ http://localhost:2222/_next/static/chunks/d6ff3_next_dist_f5869406._.js:2287
[ 2484272ms] [WARNING] unknown format "uint8" ignored in schema at path "#/items/properties/signature/oneOf/1/properties/threshold" @ http://localhost:2222/_next/static/chunks/d6ff3_next_dist_f5869406._.js:2287
[ 2484273ms] [WARNING] unknown format "uint8" ignored in schema at path "#/items/properties/signature/oneOf/1/properties/threshold" @ http://localhost:2222/_next/static/chunks/d6ff3_next_dist_f5869406._.js:2287
[ 2484273ms] [WARNING] unknown format "hex" ignored in schema at path "#/items/properties/signature/oneOf/1/properties/bitmap" @ http://localhost:2222/_next/static/chunks/d6ff3_next_dist_f5869406._.js:2287
[ 2484273ms] [WARNING] unknown format "hex" ignored in schema at path "#/items/properties/signature/oneOf/1/properties/bitmap" @ http://localhost:2222/_next/static/chunks/d6ff3_next_dist_f5869406._.js:2287
[ 2484274ms] [WARNING] unknown format "hex" ignored in schema at path "#/items/properties/signature/oneOf/2/properties/secondary_signer_addresses/items" @ http://localhost:2222/_next/static/chunks/d6ff3_next_dist_f5869406._.js:2287
[ 2484274ms] [WARNING] unknown format "hex" ignored in schema at path "#/items/properties/signature/oneOf/2/properties/secondary_signer_addresses/items" @ http://localhost:2222/_next/static/chunks/d6ff3_next_dist_f5869406._.js:2287
[ 2484274ms] [WARNING] unknown format "hex" ignored in schema at path "#/items/properties/signature/oneOf/3/properties/secondary_signer_addresses/items" @ http://localhost:2222/_next/static/chunks/d6ff3_next_dist_f5869406._.js:2287
[ 2484275ms] [WARNING] unknown format "hex" ignored in schema at path "#/items/properties/signature/oneOf/3/properties/secondary_signer_addresses/items" @ http://localhost:2222/_next/static/chunks/d6ff3_next_dist_f5869406._.js:2287
[ 2484275ms] [WARNING] unknown format "hex" ignored in schema at path "#/items/properties/signature/oneOf/3/properties/fee_payer_address" @ http://localhost:2222/_next/static/chunks/d6ff3_next_dist_f5869406._.js:2287
[ 2484275ms] [WARNING] unknown format "hex" ignored in schema at path "#/items/properties/signature/oneOf/3/properties/fee_payer_address" @ http://localhost:2222/_next/static/chunks/d6ff3_next_dist_f5869406._.js:2287
[ 2484280ms] [WARNING] unknown format "hex" ignored in schema at path "#/items/properties/sender" @ http://localhost:2222/_next/static/chunks/d6ff3_next_dist_f5869406._.js:2287
[ 2484281ms] [WARNING] unknown format "hex" ignored in schema at path "#/items/properties/sender" @ http://localhost:2222/_next/static/chunks/d6ff3_next_dist_f5869406._.js:2287
[ 2484281ms] [WARNING] unknown format "uint64" ignored in schema at path "#/items/properties/sequence_number" @ http://localhost:2222/_next/static/chunks/d6ff3_next_dist_f5869406._.js:2287
[ 2484281ms] [WARNING] unknown format "uint64" ignored in schema at path "#/items/properties/sequence_number" @ http://localhost:2222/_next/static/chunks/d6ff3_next_dist_f5869406._.js:2287
[ 2484281ms] [WARNING] unknown format "uint64" ignored in schema at path "#/items/properties/max_gas_amount" @ http://localhost:2222/_next/static/chunks/d6ff3_next_dist_f5869406._.js:2287
[ 2484281ms] [WARNING] unknown format "uint64" ignored in schema at path "#/items/properties/max_gas_amount" @ http://localhost:2222/_next/static/chunks/d6ff3_next_dist_f5869406._.js:2287
[ 2484282ms] [WARNING] unknown format "uint64" ignored in schema at path "#/items/properties/gas_unit_price" @ http://localhost:2222/_next/static/chunks/d6ff3_next_dist_f5869406._.js:2287
[ 2484282ms] [WARNING] unknown format "uint64" ignored in schema at path "#/items/properties/gas_unit_price" @ http://localhost:2222/_next/static/chunks/d6ff3_next_dist_f5869406._.js:2287
[ 2484282ms] [WARNING] unknown format "uint64" ignored in schema at path "#/items/properties/expiration_timestamp_secs" @ http://localhost:2222/_next/static/chunks/d6ff3_next_dist_f5869406._.js:2287
[ 2484282ms] [WARNING] unknown format "uint64" ignored in schema at path "#/items/properties/expiration_timestamp_secs" @ http://localhost:2222/_next/static/chunks/d6ff3_next_dist_f5869406._.js:2287
[ 2484283ms] [WARNING] unknown format "hex" ignored in schema at path "#/items/properties/payload/oneOf/3/properties/multisig_address" @ http://localhost:2222/_next/static/chunks/d6ff3_next_dist_f5869406._.js:2287
[ 2484284ms] [WARNING] unknown format "hex" ignored in schema at path "#/items/properties/payload/oneOf/3/properties/multisig_address" @ http://localhost:2222/_next/static/chunks/d6ff3_next_dist_f5869406._.js:2287
[ 2484284ms] [WARNING] unknown format "uint64" ignored in schema at path "#/items/properties/replay_protection_nonce" @ http://localhost:2222/_next/static/chunks/d6ff3_next_dist_f5869406._.js:2287
[ 2484284ms] [WARNING] unknown format "uint64" ignored in schema at path "#/items/properties/replay_protection_nonce" @ http://localhost:2222/_next/static/chunks/d6ff3_next_dist_f5869406._.js:2287
[ 2484284ms] [WARNING] unknown format "hex" ignored in schema at path "#/items/properties/signature/oneOf/0/properties/public_key" @ http://localhost:2222/_next/static/chunks/d6ff3_next_dist_f5869406._.js:2287
[ 2484285ms] [WARNING] unknown format "hex" ignored in schema at path "#/items/properties/signature/oneOf/0/properties/public_key" @ http://localhost:2222/_next/static/chunks/d6ff3_next_dist_f5869406._.js:2287
[ 2484285ms] [WARNING] unknown format "hex" ignored in schema at path "#/items/properties/signature/oneOf/0/properties/signature" @ http://localhost:2222/_next/static/chunks/d6ff3_next_dist_f5869406._.js:2287
[ 2484285ms] [WARNING] unknown format "hex" ignored in schema at path "#/items/properties/signature/oneOf/0/properties/signature" @ http://localhost:2222/_next/static/chunks/d6ff3_next_dist_f5869406._.js:2287
[ 2484286ms] [WARNING] unknown format "hex" ignored in schema at path "#/items/properties/signature/oneOf/1/properties/public_keys/items" @ http://localhost:2222/_next/static/chunks/d6ff3_next_dist_f5869406._.js:2287
[ 2484287ms] [WARNING] unknown format "hex" ignored in schema at path "#/items/properties/signature/oneOf/1/properties/public_keys/items" @ http://localhost:2222/_next/static/chunks/d6ff3_next_dist_f5869406._.js:2287
[ 2484288ms] [WARNING] unknown format "hex" ignored in schema at path "#/items/properties/signature/oneOf/1/properties/signatures/items" @ http://localhost:2222/_next/static/chunks/d6ff3_next_dist_f5869406._.js:2287
[ 2484288ms] [WARNING] unknown format "hex" ignored in schema at path "#/items/properties/signature/oneOf/1/properties/signatures/items" @ http://localhost:2222/_next/static/chunks/d6ff3_next_dist_f5869406._.js:2287
[ 2484288ms] [WARNING] unknown format "uint8" ignored in schema at path "#/items/properties/signature/oneOf/1/properties/threshold" @ http://localhost:2222/_next/static/chunks/d6ff3_next_dist_f5869406._.js:2287
[ 2484288ms] [WARNING] unknown format "uint8" ignored in schema at path "#/items/properties/signature/oneOf/1/properties/threshold" @ http://localhost:2222/_next/static/chunks/d6ff3_next_dist_f5869406._.js:2287
[ 2484289ms] [WARNING] unknown format "hex" ignored in schema at path "#/items/properties/signature/oneOf/1/properties/bitmap" @ http://localhost:2222/_next/static/chunks/d6ff3_next_dist_f5869406._.js:2287
[ 2484289ms] [WARNING] unknown format "hex" ignored in schema at path "#/items/properties/signature/oneOf/1/properties/bitmap" @ http://localhost:2222/_next/static/chunks/d6ff3_next_dist_f5869406._.js:2287
[ 2484289ms] [WARNING] unknown format "hex" ignored in schema at path "#/items/properties/signature/oneOf/2/properties/secondary_signer_addresses/items" @ http://localhost:2222/_next/static/chunks/d6ff3_next_dist_f5869406._.js:2287
[ 2484289ms] [WARNING] unknown format "hex" ignored in schema at path "#/items/properties/signature/oneOf/2/properties/secondary_signer_addresses/items" @ http://localhost:2222/_next/static/chunks/d6ff3_next_dist_f5869406._.js:2287
[ 2484290ms] [WARNING] unknown format "hex" ignored in schema at path "#/items/properties/signature/oneOf/3/properties/secondary_signer_addresses/items" @ http://localhost:2222/_next/static/chunks/d6ff3_next_dist_f5869406._.js:2287
[ 2484290ms] [WARNING] unknown format "hex" ignored in schema at path "#/items/properties/signature/oneOf/3/properties/secondary_signer_addresses/items" @ http://localhost:2222/_next/static/chunks/d6ff3_next_dist_f5869406._.js:2287
[ 2484290ms] [WARNING] unknown format "hex" ignored in schema at path "#/items/properties/signature/oneOf/3/properties/fee_payer_address" @ http://localhost:2222/_next/static/chunks/d6ff3_next_dist_f5869406._.js:2287
[ 2484293ms] [WARNING] unknown format "hex" ignored in schema at path "#/items/properties/signature/oneOf/3/properties/fee_payer_address" @ http://localhost:2222/_next/static/chunks/d6ff3_next_dist_f5869406._.js:2287
[ 2484301ms] [WARNING] unknown format "hex" ignored in schema at path "#/properties/sender" @ http://localhost:2222/_next/static/chunks/d6ff3_next_dist_f5869406._.js:2287
[ 2484301ms] [WARNING] unknown format "hex" ignored in schema at path "#/properties/sender" @ http://localhost:2222/_next/static/chunks/d6ff3_next_dist_f5869406._.js:2287
[ 2484302ms] [WARNING] unknown format "uint64" ignored in schema at path "#/properties/sequence_number" @ http://localhost:2222/_next/static/chunks/d6ff3_next_dist_f5869406._.js:2287
[ 2484302ms] [WARNING] unknown format "uint64" ignored in schema at path "#/properties/sequence_number" @ http://localhost:2222/_next/static/chunks/d6ff3_next_dist_f5869406._.js:2287
[ 2484302ms] [WARNING] unknown format "uint64" ignored in schema at path "#/properties/max_gas_amount" @ http://localhost:2222/_next/static/chunks/d6ff3_next_dist_f5869406._.js:2287
[ 2484302ms] [WARNING] unknown format "uint64" ignored in schema at path "#/properties/max_gas_amount" @ http://localhost:2222/_next/static/chunks/d6ff3_next_dist_f5869406._.js:2287
[ 2484303ms] [WARNING] unknown format "uint64" ignored in schema at path "#/properties/gas_unit_price" @ http://localhost:2222/_next/static/chunks/d6ff3_next_dist_f5869406._.js:2287
[ 2484303ms] [WARNING] unknown format "uint64" ignored in schema at path "#/properties/gas_unit_price" @ http://localhost:2222/_next/static/chunks/d6ff3_next_dist_f5869406._.js:2287
[ 2484304ms] [WARNING] unknown format "uint64" ignored in schema at path "#/properties/expiration_timestamp_secs" @ http://localhost:2222/_next/static/chunks/d6ff3_next_dist_f5869406._.js:2287
[ 2484304ms] [WARNING] unknown format "uint64" ignored in schema at path "#/properties/expiration_timestamp_secs" @ http://localhost:2222/_next/static/chunks/d6ff3_next_dist_f5869406._.js:2287
[ 2484304ms] [WARNING] unknown format "hex" ignored in schema at path "#/properties/payload/oneOf/1/properties/code/properties/bytecode" @ http://localhost:2222/_next/static/chunks/d6ff3_next_dist_f5869406._.js:2287
[ 2484305ms] [WARNING] unknown format "hex" ignored in schema at path "#/properties/payload/oneOf/1/properties/code/properties/bytecode" @ http://localhost:2222/_next/static/chunks/d6ff3_next_dist_f5869406._.js:2287
[ 2484307ms] [WARNING] unknown format "hex" ignored in schema at path "#/properties/payload/oneOf/3/properties/multisig_address" @ http://localhost:2222/_next/static/chunks/d6ff3_next_dist_f5869406._.js:2287
[ 2484307ms] [WARNING] unknown format "hex" ignored in schema at path "#/properties/payload/oneOf/3/properties/multisig_address" @ http://localhost:2222/_next/static/chunks/d6ff3_next_dist_f5869406._.js:2287
[ 2484309ms] [WARNING] unknown format "uint64" ignored in schema at path "#/properties/replay_protection_nonce" @ http://localhost:2222/_next/static/chunks/d6ff3_next_dist_f5869406._.js:2287
[ 2484309ms] [WARNING] unknown format "uint64" ignored in schema at path "#/properties/replay_protection_nonce" @ http://localhost:2222/_next/static/chunks/d6ff3_next_dist_f5869406._.js:2287
[ 2484310ms] [WARNING] unknown format "hex" ignored in schema at path "#/properties/signature/oneOf/0/properties/public_key" @ http://localhost:2222/_next/static/chunks/d6ff3_next_dist_f5869406._.js:2287
[ 2484310ms] [WARNING] unknown format "hex" ignored in schema at path "#/properties/signature/oneOf/0/properties/public_key" @ http://localhost:2222/_next/static/chunks/d6ff3_next_dist_f5869406._.js:2287
[ 2484310ms] [WARNING] unknown format "hex" ignored in schema at path "#/properties/signature/oneOf/0/properties/signature" @ http://localhost:2222/_next/static/chunks/d6ff3_next_dist_f5869406._.js:2287
[ 2484311ms] [WARNING] unknown format "hex" ignored in schema at path "#/properties/signature/oneOf/0/properties/signature" @ http://localhost:2222/_next/static/chunks/d6ff3_next_dist_f5869406._.js:2287
[ 2484312ms] [WARNING] unknown format "hex" ignored in schema at path "#/properties/signature/oneOf/1/properties/public_keys/items" @ http://localhost:2222/_next/static/chunks/d6ff3_next_dist_f5869406._.js:2287
[ 2484313ms] [WARNING] unknown format "hex" ignored in schema at path "#/properties/signature/oneOf/1/properties/public_keys/items" @ http://localhost:2222/_next/static/chunks/d6ff3_next_dist_f5869406._.js:2287
[ 2484314ms] [WARNING] unknown format "hex" ignored in schema at path "#/properties/signature/oneOf/1/properties/signatures/items" @ http://localhost:2222/_next/static/chunks/d6ff3_next_dist_f5869406._.js:2287
[ 2484314ms] [WARNING] unknown format "hex" ignored in schema at path "#/properties/signature/oneOf/1/properties/signatures/items" @ http://localhost:2222/_next/static/chunks/d6ff3_next_dist_f5869406._.js:2287
[ 2484315ms] [WARNING] unknown format "uint8" ignored in schema at path "#/properties/signature/oneOf/1/properties/threshold" @ http://localhost:2222/_next/static/chunks/d6ff3_next_dist_f5869406._.js:2287
[ 2484316ms] [WARNING] unknown format "uint8" ignored in schema at path "#/properties/signature/oneOf/1/properties/threshold" @ http://localhost:2222/_next/static/chunks/d6ff3_next_dist_f5869406._.js:2287
[ 2484316ms] [WARNING] unknown format "hex" ignored in schema at path "#/properties/signature/oneOf/1/properties/bitmap" @ http://localhost:2222/_next/static/chunks/d6ff3_next_dist_f5869406._.js:2287
[ 2484317ms] [WARNING] unknown format "hex" ignored in schema at path "#/properties/signature/oneOf/1/properties/bitmap" @ http://localhost:2222/_next/static/chunks/d6ff3_next_dist_f5869406._.js:2287
[ 2484317ms] [WARNING] unknown format "hex" ignored in schema at path "#/properties/signature/oneOf/2/properties/secondary_signer_addresses/items" @ http://localhost:2222/_next/static/chunks/d6ff3_next_dist_f5869406._.js:2287
[ 2484317ms] [WARNING] unknown format "hex" ignored in schema at path "#/properties/signature/oneOf/2/properties/secondary_signer_addresses/items" @ http://localhost:2222/_next/static/chunks/d6ff3_next_dist_f5869406._.js:2287
[ 2484318ms] [WARNING] unknown format "hex" ignored in schema at path "#/properties/signature/oneOf/3/properties/secondary_signer_addresses/items" @ http://localhost:2222/_next/static/chunks/d6ff3_next_dist_f5869406._.js:2287
[ 2484318ms] [WARNING] unknown format "hex" ignored in schema at path "#/properties/signature/oneOf/3/properties/secondary_signer_addresses/items" @ http://localhost:2222/_next/static/chunks/d6ff3_next_dist_f5869406._.js:2287
[ 2484319ms] [WARNING] unknown format "hex" ignored in schema at path "#/properties/signature/oneOf/3/properties/fee_payer_address" @ http://localhost:2222/_next/static/chunks/d6ff3_next_dist_f5869406._.js:2287
[ 2484319ms] [WARNING] unknown format "hex" ignored in schema at path "#/properties/signature/oneOf/3/properties/fee_payer_address" @ http://localhost:2222/_next/static/chunks/d6ff3_next_dist_f5869406._.js:2287
[ 2484319ms] [WARNING] unknown format "uint8" ignored in schema at path "#/properties/signature/oneOf/4/oneOf/1/properties/threshold" @ http://localhost:2222/_next/static/chunks/d6ff3_next_dist_f5869406._.js:2287
[ 2484319ms] [WARNING] unknown format "uint8" ignored in schema at path "#/properties/signature/oneOf/4/oneOf/1/properties/threshold" @ http://localhost:2222/_next/static/chunks/d6ff3_next_dist_f5869406._.js:2287
[ 2484321ms] [WARNING] unknown format "uint8" ignored in schema at path "#/properties/signature/oneOf/4/oneOf/3/properties/signatures_required" @ http://localhost:2222/_next/static/chunks/d6ff3_next_dist_f5869406._.js:2287
[ 2484322ms] [WARNING] unknown format "uint8" ignored in schema at path "#/properties/signature/oneOf/4/oneOf/3/properties/signatures_required" @ http://localhost:2222/_next/static/chunks/d6ff3_next_dist_f5869406._.js:2287
[ 2484327ms] [WARNING] unknown format "hex" ignored in schema at path "#/properties/sender" @ http://localhost:2222/_next/static/chunks/d6ff3_next_dist_f5869406._.js:2287
[ 2484327ms] [WARNING] unknown format "hex" ignored in schema at path "#/properties/sender" @ http://localhost:2222/_next/static/chunks/d6ff3_next_dist_f5869406._.js:2287
[ 2484328ms] [WARNING] unknown format "uint64" ignored in schema at path "#/properties/sequence_number" @ http://localhost:2222/_next/static/chunks/d6ff3_next_dist_f5869406._.js:2287
[ 2484328ms] [WARNING] unknown format "uint64" ignored in schema at path "#/properties/sequence_number" @ http://localhost:2222/_next/static/chunks/d6ff3_next_dist_f5869406._.js:2287
[ 2484328ms] [WARNING] unknown format "uint64" ignored in schema at path "#/properties/max_gas_amount" @ http://localhost:2222/_next/static/chunks/d6ff3_next_dist_f5869406._.js:2287
[ 2484328ms] [WARNING] unknown format "uint64" ignored in schema at path "#/properties/max_gas_amount" @ http://localhost:2222/_next/static/chunks/d6ff3_next_dist_f5869406._.js:2287
[ 2484328ms] [WARNING] unknown format "uint64" ignored in schema at path "#/properties/gas_unit_price" @ http://localhost:2222/_next/static/chunks/d6ff3_next_dist_f5869406._.js:2287
[ 2484329ms] [WARNING] unknown format "uint64" ignored in schema at path "#/properties/gas_unit_price" @ http://localhost:2222/_next/static/chunks/d6ff3_next_dist_f5869406._.js:2287
[ 2484329ms] [WARNING] unknown format "uint64" ignored in schema at path "#/properties/expiration_timestamp_secs" @ http://localhost:2222/_next/static/chunks/d6ff3_next_dist_f5869406._.js:2287
[ 2484329ms] [WARNING] unknown format "uint64" ignored in schema at path "#/properties/expiration_timestamp_secs" @ http://localhost:2222/_next/static/chunks/d6ff3_next_dist_f5869406._.js:2287
[ 2484329ms] [WARNING] unknown format "hex" ignored in schema at path "#/properties/payload/oneOf/1/properties/code/properties/bytecode" @ http://localhost:2222/_next/static/chunks/d6ff3_next_dist_f5869406._.js:2287
[ 2484329ms] [WARNING] unknown format "hex" ignored in schema at path "#/properties/payload/oneOf/1/properties/code/properties/bytecode" @ http://localhost:2222/_next/static/chunks/d6ff3_next_dist_f5869406._.js:2287
[ 2484331ms] [WARNING] unknown format "hex" ignored in schema at path "#/properties/payload/oneOf/3/properties/multisig_address" @ http://localhost:2222/_next/static/chunks/d6ff3_next_dist_f5869406._.js:2287
[ 2484332ms] [WARNING] unknown format "hex" ignored in schema at path "#/properties/payload/oneOf/3/properties/multisig_address" @ http://localhost:2222/_next/static/chunks/d6ff3_next_dist_f5869406._.js:2287
[ 2484333ms] [WARNING] unknown format "uint64" ignored in schema at path "#/properties/replay_protection_nonce" @ http://localhost:2222/_next/static/chunks/d6ff3_next_dist_f5869406._.js:2287
[ 2484333ms] [WARNING] unknown format "uint64" ignored in schema at path "#/properties/replay_protection_nonce" @ http://localhost:2222/_next/static/chunks/d6ff3_next_dist_f5869406._.js:2287
[ 2484333ms] [WARNING] unknown format "hex" ignored in schema at path "#/properties/signature/oneOf/0/properties/public_key" @ http://localhost:2222/_next/static/chunks/d6ff3_next_dist_f5869406._.js:2287
[ 2484334ms] [WARNING] unknown format "hex" ignored in schema at path "#/properties/signature/oneOf/0/properties/public_key" @ http://localhost:2222/_next/static/chunks/d6ff3_next_dist_f5869406._.js:2287
[ 2484334ms] [WARNING] unknown format "hex" ignored in schema at path "#/properties/signature/oneOf/0/properties/signature" @ http://localhost:2222/_next/static/chunks/d6ff3_next_dist_f5869406._.js:2287
[ 2484334ms] [WARNING] unknown format "hex" ignored in schema at path "#/properties/signature/oneOf/0/properties/signature" @ http://localhost:2222/_next/static/chunks/d6ff3_next_dist_f5869406._.js:2287
[ 2484336ms] [WARNING] unknown format "hex" ignored in schema at path "#/properties/signature/oneOf/1/properties/public_keys/items" @ http://localhost:2222/_next/static/chunks/d6ff3_next_dist_f5869406._.js:2287
[ 2484336ms] [WARNING] unknown format "hex" ignored in schema at path "#/properties/signature/oneOf/1/properties/public_keys/items" @ http://localhost:2222/_next/static/chunks/d6ff3_next_dist_f5869406._.js:2287
[ 2484337ms] [WARNING] unknown format "hex" ignored in schema at path "#/properties/signature/oneOf/1/properties/signatures/items" @ http://localhost:2222/_next/static/chunks/d6ff3_next_dist_f5869406._.js:2287
[ 2484337ms] [WARNING] unknown format "hex" ignored in schema at path "#/properties/signature/oneOf/1/properties/signatures/items" @ http://localhost:2222/_next/static/chunks/d6ff3_next_dist_f5869406._.js:2287
[ 2484337ms] [WARNING] unknown format "uint8" ignored in schema at path "#/properties/signature/oneOf/1/properties/threshold" @ http://localhost:2222/_next/static/chunks/d6ff3_next_dist_f5869406._.js:2287
[ 2484337ms] [WARNING] unknown format "uint8" ignored in schema at path "#/properties/signature/oneOf/1/properties/threshold" @ http://localhost:2222/_next/static/chunks/d6ff3_next_dist_f5869406._.js:2287
[ 2484338ms] [WARNING] unknown format "hex" ignored in schema at path "#/properties/signature/oneOf/1/properties/bitmap" @ http://localhost:2222/_next/static/chunks/d6ff3_next_dist_f5869406._.js:2287
[ 2484338ms] [WARNING] unknown format "hex" ignored in schema at path "#/properties/signature/oneOf/1/properties/bitmap" @ http://localhost:2222/_next/static/chunks/d6ff3_next_dist_f5869406._.js:2287
[ 2484339ms] [WARNING] unknown format "hex" ignored in schema at path "#/properties/signature/oneOf/2/properties/secondary_signer_addresses/items" @ http://localhost:2222/_next/static/chunks/d6ff3_next_dist_f5869406._.js:2287
[ 2484339ms] [WARNING] unknown format "hex" ignored in schema at path "#/properties/signature/oneOf/2/properties/secondary_signer_addresses/items" @ http://localhost:2222/_next/static/chunks/d6ff3_next_dist_f5869406._.js:2287
[ 2484340ms] [WARNING] unknown format "hex" ignored in schema at path "#/properties/signature/oneOf/3/properties/secondary_signer_addresses/items" @ http://localhost:2222/_next/static/chunks/d6ff3_next_dist_f5869406._.js:2287
[ 2484340ms] [WARNING] unknown format "hex" ignored in schema at path "#/properties/signature/oneOf/3/properties/secondary_signer_addresses/items" @ http://localhost:2222/_next/static/chunks/d6ff3_next_dist_f5869406._.js:2287
[ 2484340ms] [WARNING] unknown format "hex" ignored in schema at path "#/properties/signature/oneOf/3/properties/fee_payer_address" @ http://localhost:2222/_next/static/chunks/d6ff3_next_dist_f5869406._.js:2287
[ 2484341ms] [WARNING] unknown format "hex" ignored in schema at path "#/properties/signature/oneOf/3/properties/fee_payer_address" @ http://localhost:2222/_next/static/chunks/d6ff3_next_dist_f5869406._.js:2287
[ 2484341ms] [WARNING] unknown format "uint8" ignored in schema at path "#/properties/signature/oneOf/4/oneOf/1/properties/threshold" @ http://localhost:2222/_next/static/chunks/d6ff3_next_dist_f5869406._.js:2287
[ 2484341ms] [WARNING] unknown format "uint8" ignored in schema at path "#/properties/signature/oneOf/4/oneOf/1/properties/threshold" @ http://localhost:2222/_next/static/chunks/d6ff3_next_dist_f5869406._.js:2287
[ 2484342ms] [WARNING] unknown format "uint8" ignored in schema at path "#/properties/signature/oneOf/4/oneOf/3/properties/signatures_required" @ http://localhost:2222/_next/static/chunks/d6ff3_next_dist_f5869406._.js:2287
[ 2484342ms] [WARNING] unknown format "uint8" ignored in schema at path "#/properties/signature/oneOf/4/oneOf/3/properties/signatures_required" @ http://localhost:2222/_next/static/chunks/d6ff3_next_dist_f5869406._.js:2287
[ 2484351ms] [WARNING] unknown format "hex" ignored in schema at path "#/properties/sender" @ http://localhost:2222/_next/static/chunks/d6ff3_next_dist_f5869406._.js:2287
[ 2484351ms] [WARNING] unknown format "hex" ignored in schema at path "#/properties/sender" @ http://localhost:2222/_next/static/chunks/d6ff3_next_dist_f5869406._.js:2287
[ 2484352ms] [WARNING] unknown format "uint64" ignored in schema at path "#/properties/sequence_number" @ http://localhost:2222/_next/static/chunks/d6ff3_next_dist_f5869406._.js:2287
[ 2484352ms] [WARNING] unknown format "uint64" ignored in schema at path "#/properties/sequence_number" @ http://localhost:2222/_next/static/chunks/d6ff3_next_dist_f5869406._.js:2287
[ 2484356ms] [WARNING] unknown format "uint64" ignored in schema at path "#/properties/max_gas_amount" @ http://localhost:2222/_next/static/chunks/d6ff3_next_dist_f5869406._.js:2287
[ 2484356ms] [WARNING] unknown format "uint64" ignored in schema at path "#/properties/max_gas_amount" @ http://localhost:2222/_next/static/chunks/d6ff3_next_dist_f5869406._.js:2287
[ 2484356ms] [WARNING] unknown format "uint64" ignored in schema at path "#/properties/gas_unit_price" @ http://localhost:2222/_next/static/chunks/d6ff3_next_dist_f5869406._.js:2287
[ 2484357ms] [WARNING] unknown format "uint64" ignored in schema at path "#/properties/gas_unit_price" @ http://localhost:2222/_next/static/chunks/d6ff3_next_dist_f5869406._.js:2287
[ 2484357ms] [WARNING] unknown format "uint64" ignored in schema at path "#/properties/expiration_timestamp_secs" @ http://localhost:2222/_next/static/chunks/d6ff3_next_dist_f5869406._.js:2287
[ 2484357ms] [WARNING] unknown format "uint64" ignored in schema at path "#/properties/expiration_timestamp_secs" @ http://localhost:2222/_next/static/chunks/d6ff3_next_dist_f5869406._.js:2287
[ 2484358ms] [WARNING] unknown format "hex" ignored in schema at path "#/properties/payload/oneOf/1/properties/code/properties/bytecode" @ http://localhost:2222/_next/static/chunks/d6ff3_next_dist_f5869406._.js:2287
[ 2484358ms] [WARNING] unknown format "hex" ignored in schema at path "#/properties/payload/oneOf/1/properties/code/properties/bytecode" @ http://localhost:2222/_next/static/chunks/d6ff3_next_dist_f5869406._.js:2287
[ 2484358ms] [WARNING] unknown format "hex" ignored in schema at path "#/properties/payload/oneOf/3/properties/multisig_address" @ http://localhost:2222/_next/static/chunks/d6ff3_next_dist_f5869406._.js:2287
[ 2484358ms] [WARNING] unknown format "hex" ignored in schema at path "#/properties/payload/oneOf/3/properties/multisig_address" @ http://localhost:2222/_next/static/chunks/d6ff3_next_dist_f5869406._.js:2287
[ 2484359ms] [WARNING] unknown format "uint64" ignored in schema at path "#/properties/replay_protection_nonce" @ http://localhost:2222/_next/static/chunks/d6ff3_next_dist_f5869406._.js:2287
[ 2484360ms] [WARNING] unknown format "uint64" ignored in schema at path "#/properties/replay_protection_nonce" @ http://localhost:2222/_next/static/chunks/d6ff3_next_dist_f5869406._.js:2287
[ 2484361ms] [WARNING] unknown format "hex" ignored in schema at path "#/properties/secondary_signers/items" @ http://localhost:2222/_next/static/chunks/d6ff3_next_dist_f5869406._.js:2287
[ 2484361ms] [WARNING] unknown format "hex" ignored in schema at path "#/properties/secondary_signers/items" @ http://localhost:2222/_next/static/chunks/d6ff3_next_dist_f5869406._.js:2287
[ 2484363ms] [WARNING] unknown format "hex" ignored in schema at path "#/properties/sender" @ http://localhost:2222/_next/static/chunks/d6ff3_next_dist_f5869406._.js:2287
[ 2484363ms] [WARNING] unknown format "hex" ignored in schema at path "#/properties/sender" @ http://localhost:2222/_next/static/chunks/d6ff3_next_dist_f5869406._.js:2287
[ 2484363ms] [WARNING] unknown format "uint64" ignored in schema at path "#/properties/sequence_number" @ http://localhost:2222/_next/static/chunks/d6ff3_next_dist_f5869406._.js:2287
[ 2484364ms] [WARNING] unknown format "uint64" ignored in schema at path "#/properties/sequence_number" @ http://localhost:2222/_next/static/chunks/d6ff3_next_dist_f5869406._.js:2287
[ 2484364ms] [WARNING] unknown format "uint64" ignored in schema at path "#/properties/max_gas_amount" @ http://localhost:2222/_next/static/chunks/d6ff3_next_dist_f5869406._.js:2287
[ 2484364ms] [WARNING] unknown format "uint64" ignored in schema at path "#/properties/max_gas_amount" @ http://localhost:2222/_next/static/chunks/d6ff3_next_dist_f5869406._.js:2287
[ 2484364ms] [WARNING] unknown format "uint64" ignored in schema at path "#/properties/gas_unit_price" @ http://localhost:2222/_next/static/chunks/d6ff3_next_dist_f5869406._.js:2287
[ 2484364ms] [WARNING] unknown format "uint64" ignored in schema at path "#/properties/gas_unit_price" @ http://localhost:2222/_next/static/chunks/d6ff3_next_dist_f5869406._.js:2287
[ 2484365ms] [WARNING] unknown format "uint64" ignored in schema at path "#/properties/expiration_timestamp_secs" @ http://localhost:2222/_next/static/chunks/d6ff3_next_dist_f5869406._.js:2287
[ 2484365ms] [WARNING] unknown format "uint64" ignored in schema at path "#/properties/expiration_timestamp_secs" @ http://localhost:2222/_next/static/chunks/d6ff3_next_dist_f5869406._.js:2287
[ 2484366ms] [WARNING] unknown format "hex" ignored in schema at path "#/properties/payload/oneOf/1/properties/code/properties/bytecode" @ http://localhost:2222/_next/static/chunks/d6ff3_next_dist_f5869406._.js:2287
[ 2484366ms] [WARNING] unknown format "hex" ignored in schema at path "#/properties/payload/oneOf/1/properties/code/properties/bytecode" @ http://localhost:2222/_next/static/chunks/d6ff3_next_dist_f5869406._.js:2287
[ 2484366ms] [WARNING] unknown format "hex" ignored in schema at path "#/properties/payload/oneOf/3/properties/multisig_address" @ http://localhost:2222/_next/static/chunks/d6ff3_next_dist_f5869406._.js:2287
[ 2484368ms] [WARNING] unknown format "hex" ignored in schema at path "#/properties/payload/oneOf/3/properties/multisig_address" @ http://localhost:2222/_next/static/chunks/d6ff3_next_dist_f5869406._.js:2287
[ 2484368ms] [WARNING] unknown format "uint64" ignored in schema at path "#/properties/replay_protection_nonce" @ http://localhost:2222/_next/static/chunks/d6ff3_next_dist_f5869406._.js:2287
[ 2484368ms] [WARNING] unknown format "uint64" ignored in schema at path "#/properties/replay_protection_nonce" @ http://localhost:2222/_next/static/chunks/d6ff3_next_dist_f5869406._.js:2287
[ 2484368ms] [WARNING] unknown format "hex" ignored in schema at path "#/properties/secondary_signers/items" @ http://localhost:2222/_next/static/chunks/d6ff3_next_dist_f5869406._.js:2287
[ 2484368ms] [WARNING] unknown format "hex" ignored in schema at path "#/properties/secondary_signers/items" @ http://localhost:2222/_next/static/chunks/d6ff3_next_dist_f5869406._.js:2287
[ 2484377ms] [LOG] [Fast Refresh] done in 207ms @ http://localhost:2222/_next/static/chunks/d6ff3_next_dist_f5869406._.js:2287
[ 2489045ms] [LOG] [Fast Refresh] rebuilding @ http://localhost:2222/_next/static/chunks/d6ff3_next_dist_f5869406._.js:2287
[ 2489096ms] [WARNING] unknown format "hex" ignored in schema at path "#/properties/key" @ http://localhost:2222/_next/static/chunks/d6ff3_next_dist_f5869406._.js:2287
[ 2489097ms] [WARNING] unknown format "hex" ignored in schema at path "#/properties/key" @ http://localhost:2222/_next/static/chunks/d6ff3_next_dist_f5869406._.js:2287
[ 2489097ms] [WARNING] unknown format "hex" ignored in schema at path "#/properties/key" @ http://localhost:2222/_next/static/chunks/d6ff3_next_dist_f5869406._.js:2287
[ 2489097ms] [WARNING] unknown format "hex" ignored in schema at path "#/properties/key" @ http://localhost:2222/_next/static/chunks/d6ff3_next_dist_f5869406._.js:2287
[ 2489102ms] [WARNING] unknown format "hex" ignored in schema at path "#/properties/sender" @ http://localhost:2222/_next/static/chunks/d6ff3_next_dist_f5869406._.js:2287
[ 2489102ms] [WARNING] unknown format "hex" ignored in schema at path "#/properties/sender" @ http://localhost:2222/_next/static/chunks/d6ff3_next_dist_f5869406._.js:2287
[ 2489102ms] [WARNING] unknown format "uint64" ignored in schema at path "#/properties/sequence_number" @ http://localhost:2222/_next/static/chunks/d6ff3_next_dist_f5869406._.js:2287
[ 2489102ms] [WARNING] unknown format "uint64" ignored in schema at path "#/properties/sequence_number" @ http://localhost:2222/_next/static/chunks/d6ff3_next_dist_f5869406._.js:2287
[ 2489102ms] [WARNING] unknown format "uint64" ignored in schema at path "#/properties/max_gas_amount" @ http://localhost:2222/_next/static/chunks/d6ff3_next_dist_f5869406._.js:2287
[ 2489103ms] [WARNING] unknown format "uint64" ignored in schema at path "#/properties/max_gas_amount" @ http://localhost:2222/_next/static/chunks/d6ff3_next_dist_f5869406._.js:2287
[ 2489103ms] [WARNING] unknown format "uint64" ignored in schema at path "#/properties/gas_unit_price" @ http://localhost:2222/_next/static/chunks/d6ff3_next_dist_f5869406._.js:2287
[ 2489103ms] [WARNING] unknown format "uint64" ignored in schema at path "#/properties/gas_unit_price" @ http://localhost:2222/_next/static/chunks/d6ff3_next_dist_f5869406._.js:2287
[ 2489103ms] [WARNING] unknown format "uint64" ignored in schema at path "#/properties/expiration_timestamp_secs" @ http://localhost:2222/_next/static/chunks/d6ff3_next_dist_f5869406._.js:2287
[ 2489103ms] [WARNING] unknown format "uint64" ignored in schema at path "#/properties/expiration_timestamp_secs" @ http://localhost:2222/_next/static/chunks/d6ff3_next_dist_f5869406._.js:2287
[ 2489104ms] [WARNING] unknown format "hex" ignored in schema at path "#/properties/payload/oneOf/1/properties/code/properties/bytecode" @ http://localhost:2222/_next/static/chunks/d6ff3_next_dist_f5869406._.js:2287
[ 2489104ms] [WARNING] unknown format "hex" ignored in schema at path "#/properties/payload/oneOf/1/properties/code/properties/bytecode" @ http://localhost:2222/_next/static/chunks/d6ff3_next_dist_f5869406._.js:2287
[ 2489105ms] [WARNING] unknown format "hex" ignored in schema at path "#/properties/payload/oneOf/3/properties/multisig_address" @ http://localhost:2222/_next/static/chunks/d6ff3_next_dist_f5869406._.js:2287
[ 2489105ms] [WARNING] unknown format "hex" ignored in schema at path "#/properties/payload/oneOf/3/properties/multisig_address" @ http://localhost:2222/_next/static/chunks/d6ff3_next_dist_f5869406._.js:2287
[ 2489105ms] [WARNING] unknown format "uint64" ignored in schema at path "#/properties/replay_protection_nonce" @ http://localhost:2222/_next/static/chunks/d6ff3_next_dist_f5869406._.js:2287
[ 2489105ms] [WARNING] unknown format "uint64" ignored in schema at path "#/properties/replay_protection_nonce" @ http://localhost:2222/_next/static/chunks/d6ff3_next_dist_f5869406._.js:2287
[ 2489105ms] [WARNING] unknown format "hex" ignored in schema at path "#/properties/signature/oneOf/0/properties/public_key" @ http://localhost:2222/_next/static/chunks/d6ff3_next_dist_f5869406._.js:2287
[ 2489106ms] [WARNING] unknown format "hex" ignored in schema at path "#/properties/signature/oneOf/0/properties/public_key" @ http://localhost:2222/_next/static/chunks/d6ff3_next_dist_f5869406._.js:2287
[ 2489106ms] [WARNING] unknown format "hex" ignored in schema at path "#/properties/signature/oneOf/0/properties/signature" @ http://localhost:2222/_next/static/chunks/d6ff3_next_dist_f5869406._.js:2287
[ 2489106ms] [WARNING] unknown format "hex" ignored in schema at path "#/properties/signature/oneOf/0/properties/signature" @ http://localhost:2222/_next/static/chunks/d6ff3_next_dist_f5869406._.js:2287
[ 2489106ms] [WARNING] unknown format "hex" ignored in schema at path "#/properties/signature/oneOf/1/properties/public_keys/items" @ http://localhost:2222/_next/static/chunks/d6ff3_next_dist_f5869406._.js:2287
[ 2489106ms] [WARNING] unknown format "hex" ignored in schema at path "#/properties/signature/oneOf/1/properties/public_keys/items" @ http://localhost:2222/_next/static/chunks/d6ff3_next_dist_f5869406._.js:2287
[ 2489107ms] [WARNING] unknown format "hex" ignored in schema at path "#/properties/signature/oneOf/1/properties/signatures/items" @ http://localhost:2222/_next/static/chunks/d6ff3_next_dist_f5869406._.js:2287
[ 2489107ms] [WARNING] unknown format "hex" ignored in schema at path "#/properties/signature/oneOf/1/properties/signatures/items" @ http://localhost:2222/_next/static/chunks/d6ff3_next_dist_f5869406._.js:2287
[ 2489107ms] [WARNING] unknown format "uint8" ignored in schema at path "#/properties/signature/oneOf/1/properties/threshold" @ http://localhost:2222/_next/static/chunks/d6ff3_next_dist_f5869406._.js:2287
[ 2489107ms] [WARNING] unknown format "uint8" ignored in schema at path "#/properties/signature/oneOf/1/properties/threshold" @ http://localhost:2222/_next/static/chunks/d6ff3_next_dist_f5869406._.js:2287
[ 2489107ms] [WARNING] unknown format "hex" ignored in schema at path "#/properties/signature/oneOf/1/properties/bitmap" @ http://localhost:2222/_next/static/chunks/d6ff3_next_dist_f5869406._.js:2287
[ 2489107ms] [WARNING] unknown format "hex" ignored in schema at path "#/properties/signature/oneOf/1/properties/bitmap" @ http://localhost:2222/_next/static/chunks/d6ff3_next_dist_f5869406._.js:2287
[ 2489108ms] [WARNING] unknown format "hex" ignored in schema at path "#/properties/signature/oneOf/2/properties/secondary_signer_addresses/items" @ http://localhost:2222/_next/static/chunks/d6ff3_next_dist_f5869406._.js:2287
[ 2489108ms] [WARNING] unknown format "hex" ignored in schema at path "#/properties/signature/oneOf/2/properties/secondary_signer_addresses/items" @ http://localhost:2222/_next/static/chunks/d6ff3_next_dist_f5869406._.js:2287
[ 2489108ms] [WARNING] unknown format "hex" ignored in schema at path "#/properties/signature/oneOf/3/properties/secondary_signer_addresses/items" @ http://localhost:2222/_next/static/chunks/d6ff3_next_dist_f5869406._.js:2287
[ 2489108ms] [WARNING] unknown format "hex" ignored in schema at path "#/properties/signature/oneOf/3/properties/secondary_signer_addresses/items" @ http://localhost:2222/_next/static/chunks/d6ff3_next_dist_f5869406._.js:2287
[ 2489109ms] [WARNING] unknown format "hex" ignored in schema at path "#/properties/signature/oneOf/3/properties/fee_payer_address" @ http://localhost:2222/_next/static/chunks/d6ff3_next_dist_f5869406._.js:2287
[ 2489109ms] [WARNING] unknown format "hex" ignored in schema at path "#/properties/signature/oneOf/3/properties/fee_payer_address" @ http://localhost:2222/_next/static/chunks/d6ff3_next_dist_f5869406._.js:2287
[ 2489110ms] [WARNING] unknown format "uint8" ignored in schema at path "#/properties/signature/oneOf/4/oneOf/1/properties/threshold" @ http://localhost:2222/_next/static/chunks/d6ff3_next_dist_f5869406._.js:2287
[ 2489110ms] [WARNING] unknown format "uint8" ignored in schema at path "#/properties/signature/oneOf/4/oneOf/1/properties/threshold" @ http://localhost:2222/_next/static/chunks/d6ff3_next_dist_f5869406._.js:2287
[ 2489110ms] [WARNING] unknown format "uint8" ignored in schema at path "#/properties/signature/oneOf/4/oneOf/3/properties/signatures_required" @ http://localhost:2222/_next/static/chunks/d6ff3_next_dist_f5869406._.js:2287
[ 2489110ms] [WARNING] unknown format "uint8" ignored in schema at path "#/properties/signature/oneOf/4/oneOf/3/properties/signatures_required" @ http://localhost:2222/_next/static/chunks/d6ff3_next_dist_f5869406._.js:2287
[ 2489115ms] [WARNING] unknown format "hex" ignored in schema at path "#/properties/sender" @ http://localhost:2222/_next/static/chunks/d6ff3_next_dist_f5869406._.js:2287
[ 2489116ms] [WARNING] unknown format "hex" ignored in schema at path "#/properties/sender" @ http://localhost:2222/_next/static/chunks/d6ff3_next_dist_f5869406._.js:2287
[ 2489116ms] [WARNING] unknown format "uint64" ignored in schema at path "#/properties/sequence_number" @ http://localhost:2222/_next/static/chunks/d6ff3_next_dist_f5869406._.js:2287
[ 2489116ms] [WARNING] unknown format "uint64" ignored in schema at path "#/properties/sequence_number" @ http://localhost:2222/_next/static/chunks/d6ff3_next_dist_f5869406._.js:2287
[ 2489116ms] [WARNING] unknown format "uint64" ignored in schema at path "#/properties/max_gas_amount" @ http://localhost:2222/_next/static/chunks/d6ff3_next_dist_f5869406._.js:2287
[ 2489116ms] [WARNING] unknown format "uint64" ignored in schema at path "#/properties/max_gas_amount" @ http://localhost:2222/_next/static/chunks/d6ff3_next_dist_f5869406._.js:2287
[ 2489116ms] [WARNING] unknown format "uint64" ignored in schema at path "#/properties/gas_unit_price" @ http://localhost:2222/_next/static/chunks/d6ff3_next_dist_f5869406._.js:2287
[ 2489117ms] [WARNING] unknown format "uint64" ignored in schema at path "#/properties/gas_unit_price" @ http://localhost:2222/_next/static/chunks/d6ff3_next_dist_f5869406._.js:2287
[ 2489117ms] [WARNING] unknown format "uint64" ignored in schema at path "#/properties/expiration_timestamp_secs" @ http://localhost:2222/_next/static/chunks/d6ff3_next_dist_f5869406._.js:2287
[ 2489118ms] [WARNING] unknown format "uint64" ignored in schema at path "#/properties/expiration_timestamp_secs" @ http://localhost:2222/_next/static/chunks/d6ff3_next_dist_f5869406._.js:2287
[ 2489118ms] [WARNING] unknown format "hex" ignored in schema at path "#/properties/payload/oneOf/1/properties/code/properties/bytecode" @ http://localhost:2222/_next/static/chunks/d6ff3_next_dist_f5869406._.js:2287
[ 2489119ms] [WARNING] unknown format "hex" ignored in schema at path "#/properties/payload/oneOf/1/properties/code/properties/bytecode" @ http://localhost:2222/_next/static/chunks/d6ff3_next_dist_f5869406._.js:2287
[ 2489119ms] [WARNING] unknown format "hex" ignored in schema at path "#/properties/payload/oneOf/3/properties/multisig_address" @ http://localhost:2222/_next/static/chunks/d6ff3_next_dist_f5869406._.js:2287
[ 2489119ms] [WARNING] unknown format "hex" ignored in schema at path "#/properties/payload/oneOf/3/properties/multisig_address" @ http://localhost:2222/_next/static/chunks/d6ff3_next_dist_f5869406._.js:2287
[ 2489119ms] [WARNING] unknown format "uint64" ignored in schema at path "#/properties/replay_protection_nonce" @ http://localhost:2222/_next/static/chunks/d6ff3_next_dist_f5869406._.js:2287
[ 2489120ms] [WARNING] unknown format "uint64" ignored in schema at path "#/properties/replay_protection_nonce" @ http://localhost:2222/_next/static/chunks/d6ff3_next_dist_f5869406._.js:2287
[ 2489120ms] [WARNING] unknown format "hex" ignored in schema at path "#/properties/signature/oneOf/0/properties/public_key" @ http://localhost:2222/_next/static/chunks/d6ff3_next_dist_f5869406._.js:2287
[ 2489120ms] [WARNING] unknown format "hex" ignored in schema at path "#/properties/signature/oneOf/0/properties/public_key" @ http://localhost:2222/_next/static/chunks/d6ff3_next_dist_f5869406._.js:2287
[ 2489120ms] [WARNING] unknown format "hex" ignored in schema at path "#/properties/signature/oneOf/0/properties/signature" @ http://localhost:2222/_next/static/chunks/d6ff3_next_dist_f5869406._.js:2287
[ 2489120ms] [WARNING] unknown format "hex" ignored in schema at path "#/properties/signature/oneOf/0/properties/signature" @ http://localhost:2222/_next/static/chunks/d6ff3_next_dist_f5869406._.js:2287
[ 2489121ms] [WARNING] unknown format "hex" ignored in schema at path "#/properties/signature/oneOf/1/properties/public_keys/items" @ http://localhost:2222/_next/static/chunks/d6ff3_next_dist_f5869406._.js:2287
[ 2489121ms] [WARNING] unknown format "hex" ignored in schema at path "#/properties/signature/oneOf/1/properties/public_keys/items" @ http://localhost:2222/_next/static/chunks/d6ff3_next_dist_f5869406._.js:2287
[ 2489121ms] [WARNING] unknown format "hex" ignored in schema at path "#/properties/signature/oneOf/1/properties/signatures/items" @ http://localhost:2222/_next/static/chunks/d6ff3_next_dist_f5869406._.js:2287
[ 2489121ms] [WARNING] unknown format "hex" ignored in schema at path "#/properties/signature/oneOf/1/properties/signatures/items" @ http://localhost:2222/_next/static/chunks/d6ff3_next_dist_f5869406._.js:2287
[ 2489121ms] [WARNING] unknown format "uint8" ignored in schema at path "#/properties/signature/oneOf/1/properties/threshold" @ http://localhost:2222/_next/static/chunks/d6ff3_next_dist_f5869406._.js:2287
[ 2489122ms] [WARNING] unknown format "uint8" ignored in schema at path "#/properties/signature/oneOf/1/properties/threshold" @ http://localhost:2222/_next/static/chunks/d6ff3_next_dist_f5869406._.js:2287
[ 2489123ms] [WARNING] unknown format "hex" ignored in schema at path "#/properties/signature/oneOf/1/properties/bitmap" @ http://localhost:2222/_next/static/chunks/d6ff3_next_dist_f5869406._.js:2287
[ 2489123ms] [WARNING] unknown format "hex" ignored in schema at path "#/properties/signature/oneOf/1/properties/bitmap" @ http://localhost:2222/_next/static/chunks/d6ff3_next_dist_f5869406._.js:2287
[ 2489123ms] [WARNING] unknown format "hex" ignored in schema at path "#/properties/signature/oneOf/2/properties/secondary_signer_addresses/items" @ http://localhost:2222/_next/static/chunks/d6ff3_next_dist_f5869406._.js:2287
[ 2489123ms] [WARNING] unknown format "hex" ignored in schema at path "#/properties/signature/oneOf/2/properties/secondary_signer_addresses/items" @ http://localhost:2222/_next/static/chunks/d6ff3_next_dist_f5869406._.js:2287
[ 2489124ms] [WARNING] unknown format "hex" ignored in schema at path "#/properties/signature/oneOf/3/properties/secondary_signer_addresses/items" @ http://localhost:2222/_next/static/chunks/d6ff3_next_dist_f5869406._.js:2287
[ 2489124ms] [WARNING] unknown format "hex" ignored in schema at path "#/properties/signature/oneOf/3/properties/secondary_signer_addresses/items" @ http://localhost:2222/_next/static/chunks/d6ff3_next_dist_f5869406._.js:2287
[ 2489124ms] [WARNING] unknown format "hex" ignored in schema at path "#/properties/signature/oneOf/3/properties/fee_payer_address" @ http://localhost:2222/_next/static/chunks/d6ff3_next_dist_f5869406._.js:2287
[ 2489124ms] [WARNING] unknown format "hex" ignored in schema at path "#/properties/signature/oneOf/3/properties/fee_payer_address" @ http://localhost:2222/_next/static/chunks/d6ff3_next_dist_f5869406._.js:2287
[ 2489125ms] [WARNING] unknown format "uint8" ignored in schema at path "#/properties/signature/oneOf/4/oneOf/1/properties/threshold" @ http://localhost:2222/_next/static/chunks/d6ff3_next_dist_f5869406._.js:2287
[ 2489125ms] [WARNING] unknown format "uint8" ignored in schema at path "#/properties/signature/oneOf/4/oneOf/1/properties/threshold" @ http://localhost:2222/_next/static/chunks/d6ff3_next_dist_f5869406._.js:2287
[ 2489125ms] [WARNING] unknown format "uint8" ignored in schema at path "#/properties/signature/oneOf/4/oneOf/3/properties/signatures_required" @ http://localhost:2222/_next/static/chunks/d6ff3_next_dist_f5869406._.js:2287
[ 2489125ms] [WARNING] unknown format "uint8" ignored in schema at path "#/properties/signature/oneOf/4/oneOf/3/properties/signatures_required" @ http://localhost:2222/_next/static/chunks/d6ff3_next_dist_f5869406._.js:2287
[ 2489136ms] [WARNING] unknown format "hex" ignored in schema at path "#/items/properties/sender" @ http://localhost:2222/_next/static/chunks/d6ff3_next_dist_f5869406._.js:2287
[ 2489136ms] [WARNING] unknown format "hex" ignored in schema at path "#/items/properties/sender" @ http://localhost:2222/_next/static/chunks/d6ff3_next_dist_f5869406._.js:2287
[ 2489136ms] [WARNING] unknown format "uint64" ignored in schema at path "#/items/properties/sequence_number" @ http://localhost:2222/_next/static/chunks/d6ff3_next_dist_f5869406._.js:2287
[ 2489137ms] [WARNING] unknown format "uint64" ignored in schema at path "#/items/properties/sequence_number" @ http://localhost:2222/_next/static/chunks/d6ff3_next_dist_f5869406._.js:2287
[ 2489137ms] [WARNING] unknown format "uint64" ignored in schema at path "#/items/properties/max_gas_amount" @ http://localhost:2222/_next/static/chunks/d6ff3_next_dist_f5869406._.js:2287
[ 2489137ms] [WARNING] unknown format "uint64" ignored in schema at path "#/items/properties/max_gas_amount" @ http://localhost:2222/_next/static/chunks/d6ff3_next_dist_f5869406._.js:2287
[ 2489137ms] [WARNING] unknown format "uint64" ignored in schema at path "#/items/properties/gas_unit_price" @ http://localhost:2222/_next/static/chunks/d6ff3_next_dist_f5869406._.js:2287
[ 2489137ms] [WARNING] unknown format "uint64" ignored in schema at path "#/items/properties/gas_unit_price" @ http://localhost:2222/_next/static/chunks/d6ff3_next_dist_f5869406._.js:2287
[ 2489137ms] [WARNING] unknown format "uint64" ignored in schema at path "#/items/properties/expiration_timestamp_secs" @ http://localhost:2222/_next/static/chunks/d6ff3_next_dist_f5869406._.js:2287
[ 2489137ms] [WARNING] unknown format "uint64" ignored in schema at path "#/items/properties/expiration_timestamp_secs" @ http://localhost:2222/_next/static/chunks/d6ff3_next_dist_f5869406._.js:2287
[ 2489138ms] [WARNING] unknown format "hex" ignored in schema at path "#/items/properties/payload/oneOf/3/properties/multisig_address" @ http://localhost:2222/_next/static/chunks/d6ff3_next_dist_f5869406._.js:2287
[ 2489138ms] [WARNING] unknown format "hex" ignored in schema at path "#/items/properties/payload/oneOf/3/properties/multisig_address" @ http://localhost:2222/_next/static/chunks/d6ff3_next_dist_f5869406._.js:2287
[ 2489138ms] [WARNING] unknown format "uint64" ignored in schema at path "#/items/properties/replay_protection_nonce" @ http://localhost:2222/_next/static/chunks/d6ff3_next_dist_f5869406._.js:2287
[ 2489139ms] [WARNING] unknown format "uint64" ignored in schema at path "#/items/properties/replay_protection_nonce" @ http://localhost:2222/_next/static/chunks/d6ff3_next_dist_f5869406._.js:2287
[ 2489139ms] [WARNING] unknown format "hex" ignored in schema at path "#/items/properties/signature/oneOf/0/properties/public_key" @ http://localhost:2222/_next/static/chunks/d6ff3_next_dist_f5869406._.js:2287
[ 2489139ms] [WARNING] unknown format "hex" ignored in schema at path "#/items/properties/signature/oneOf/0/properties/public_key" @ http://localhost:2222/_next/static/chunks/d6ff3_next_dist_f5869406._.js:2287
[ 2489139ms] [WARNING] unknown format "hex" ignored in schema at path "#/items/properties/signature/oneOf/0/properties/signature" @ http://localhost:2222/_next/static/chunks/d6ff3_next_dist_f5869406._.js:2287
[ 2489139ms] [WARNING] unknown format "hex" ignored in schema at path "#/items/properties/signature/oneOf/0/properties/signature" @ http://localhost:2222/_next/static/chunks/d6ff3_next_dist_f5869406._.js:2287
[ 2489140ms] [WARNING] unknown format "hex" ignored in schema at path "#/items/properties/signature/oneOf/1/properties/public_keys/items" @ http://localhost:2222/_next/static/chunks/d6ff3_next_dist_f5869406._.js:2287
[ 2489140ms] [WARNING] unknown format "hex" ignored in schema at path "#/items/properties/signature/oneOf/1/properties/public_keys/items" @ http://localhost:2222/_next/static/chunks/d6ff3_next_dist_f5869406._.js:2287
[ 2489140ms] [WARNING] unknown format "hex" ignored in schema at path "#/items/properties/signature/oneOf/1/properties/signatures/items" @ http://localhost:2222/_next/static/chunks/d6ff3_next_dist_f5869406._.js:2287
[ 2489140ms] [WARNING] unknown format "hex" ignored in schema at path "#/items/properties/signature/oneOf/1/properties/signatures/items" @ http://localhost:2222/_next/static/chunks/d6ff3_next_dist_f5869406._.js:2287
[ 2489141ms] [WARNING] unknown format "uint8" ignored in schema at path "#/items/properties/signature/oneOf/1/properties/threshold" @ http://localhost:2222/_next/static/chunks/d6ff3_next_dist_f5869406._.js:2287
[ 2489141ms] [WARNING] unknown format "uint8" ignored in schema at path "#/items/properties/signature/oneOf/1/properties/threshold" @ http://localhost:2222/_next/static/chunks/d6ff3_next_dist_f5869406._.js:2287
[ 2489141ms] [WARNING] unknown format "hex" ignored in schema at path "#/items/properties/signature/oneOf/1/properties/bitmap" @ http://localhost:2222/_next/static/chunks/d6ff3_next_dist_f5869406._.js:2287
[ 2489141ms] [WARNING] unknown format "hex" ignored in schema at path "#/items/properties/signature/oneOf/1/properties/bitmap" @ http://localhost:2222/_next/static/chunks/d6ff3_next_dist_f5869406._.js:2287
[ 2489142ms] [WARNING] unknown format "hex" ignored in schema at path "#/items/properties/signature/oneOf/2/properties/secondary_signer_addresses/items" @ http://localhost:2222/_next/static/chunks/d6ff3_next_dist_f5869406._.js:2287
[ 2489142ms] [WARNING] unknown format "hex" ignored in schema at path "#/items/properties/signature/oneOf/2/properties/secondary_signer_addresses/items" @ http://localhost:2222/_next/static/chunks/d6ff3_next_dist_f5869406._.js:2287
[ 2489143ms] [WARNING] unknown format "hex" ignored in schema at path "#/items/properties/signature/oneOf/3/properties/secondary_signer_addresses/items" @ http://localhost:2222/_next/static/chunks/d6ff3_next_dist_f5869406._.js:2287
[ 2489143ms] [WARNING] unknown format "hex" ignored in schema at path "#/items/properties/signature/oneOf/3/properties/secondary_signer_addresses/items" @ http://localhost:2222/_next/static/chunks/d6ff3_next_dist_f5869406._.js:2287
[ 2489143ms] [WARNING] unknown format "hex" ignored in schema at path "#/items/properties/signature/oneOf/3/properties/fee_payer_address" @ http://localhost:2222/_next/static/chunks/d6ff3_next_dist_f5869406._.js:2287
[ 2489143ms] [WARNING] unknown format "hex" ignored in schema at path "#/items/properties/signature/oneOf/3/properties/fee_payer_address" @ http://localhost:2222/_next/static/chunks/d6ff3_next_dist_f5869406._.js:2287
[ 2489148ms] [WARNING] unknown format "hex" ignored in schema at path "#/items/properties/sender" @ http://localhost:2222/_next/static/chunks/d6ff3_next_dist_f5869406._.js:2287
[ 2489148ms] [WARNING] unknown format "hex" ignored in schema at path "#/items/properties/sender" @ http://localhost:2222/_next/static/chunks/d6ff3_next_dist_f5869406._.js:2287
[ 2489148ms] [WARNING] unknown format "uint64" ignored in schema at path "#/items/properties/sequence_number" @ http://localhost:2222/_next/static/chunks/d6ff3_next_dist_f5869406._.js:2287
[ 2489148ms] [WARNING] unknown format "uint64" ignored in schema at path "#/items/properties/sequence_number" @ http://localhost:2222/_next/static/chunks/d6ff3_next_dist_f5869406._.js:2287
[ 2489149ms] [WARNING] unknown format "uint64" ignored in schema at path "#/items/properties/max_gas_amount" @ http://localhost:2222/_next/static/chunks/d6ff3_next_dist_f5869406._.js:2287
[ 2489149ms] [WARNING] unknown format "uint64" ignored in schema at path "#/items/properties/max_gas_amount" @ http://localhost:2222/_next/static/chunks/d6ff3_next_dist_f5869406._.js:2287
[ 2489149ms] [WARNING] unknown format "uint64" ignored in schema at path "#/items/properties/gas_unit_price" @ http://localhost:2222/_next/static/chunks/d6ff3_next_dist_f5869406._.js:2287
[ 2489149ms] [WARNING] unknown format "uint64" ignored in schema at path "#/items/properties/gas_unit_price" @ http://localhost:2222/_next/static/chunks/d6ff3_next_dist_f5869406._.js:2287
[ 2489149ms] [WARNING] unknown format "uint64" ignored in schema at path "#/items/properties/expiration_timestamp_secs" @ http://localhost:2222/_next/static/chunks/d6ff3_next_dist_f5869406._.js:2287
[ 2489149ms] [WARNING] unknown format "uint64" ignored in schema at path "#/items/properties/expiration_timestamp_secs" @ http://localhost:2222/_next/static/chunks/d6ff3_next_dist_f5869406._.js:2287
[ 2489150ms] [WARNING] unknown format "hex" ignored in schema at path "#/items/properties/payload/oneOf/3/properties/multisig_address" @ http://localhost:2222/_next/static/chunks/d6ff3_next_dist_f5869406._.js:2287
[ 2489150ms] [WARNING] unknown format "hex" ignored in schema at path "#/items/properties/payload/oneOf/3/properties/multisig_address" @ http://localhost:2222/_next/static/chunks/d6ff3_next_dist_f5869406._.js:2287
[ 2489150ms] [WARNING] unknown format "uint64" ignored in schema at path "#/items/properties/replay_protection_nonce" @ http://localhost:2222/_next/static/chunks/d6ff3_next_dist_f5869406._.js:2287
[ 2489150ms] [WARNING] unknown format "uint64" ignored in schema at path "#/items/properties/replay_protection_nonce" @ http://localhost:2222/_next/static/chunks/d6ff3_next_dist_f5869406._.js:2287
[ 2489151ms] [WARNING] unknown format "hex" ignored in schema at path "#/items/properties/signature/oneOf/0/properties/public_key" @ http://localhost:2222/_next/static/chunks/d6ff3_next_dist_f5869406._.js:2287
[ 2489151ms] [WARNING] unknown format "hex" ignored in schema at path "#/items/properties/signature/oneOf/0/properties/public_key" @ http://localhost:2222/_next/static/chunks/d6ff3_next_dist_f5869406._.js:2287
[ 2489151ms] [WARNING] unknown format "hex" ignored in schema at path "#/items/properties/signature/oneOf/0/properties/signature" @ http://localhost:2222/_next/static/chunks/d6ff3_next_dist_f5869406._.js:2287
[ 2489151ms] [WARNING] unknown format "hex" ignored in schema at path "#/items/properties/signature/oneOf/0/properties/signature" @ http://localhost:2222/_next/static/chunks/d6ff3_next_dist_f5869406._.js:2287
[ 2489152ms] [WARNING] unknown format "hex" ignored in schema at path "#/items/properties/signature/oneOf/1/properties/public_keys/items" @ http://localhost:2222/_next/static/chunks/d6ff3_next_dist_f5869406._.js:2287
[ 2489152ms] [WARNING] unknown format "hex" ignored in schema at path "#/items/properties/signature/oneOf/1/properties/public_keys/items" @ http://localhost:2222/_next/static/chunks/d6ff3_next_dist_f5869406._.js:2287
[ 2489152ms] [WARNING] unknown format "hex" ignored in schema at path "#/items/properties/signature/oneOf/1/properties/signatures/items" @ http://localhost:2222/_next/static/chunks/d6ff3_next_dist_f5869406._.js:2287
[ 2489152ms] [WARNING] unknown format "hex" ignored in schema at path "#/items/properties/signature/oneOf/1/properties/signatures/items" @ http://localhost:2222/_next/static/chunks/d6ff3_next_dist_f5869406._.js:2287
[ 2489152ms] [WARNING] unknown format "uint8" ignored in schema at path "#/items/properties/signature/oneOf/1/properties/threshold" @ http://localhost:2222/_next/static/chunks/d6ff3_next_dist_f5869406._.js:2287
[ 2489153ms] [WARNING] unknown format "uint8" ignored in schema at path "#/items/properties/signature/oneOf/1/properties/threshold" @ http://localhost:2222/_next/static/chunks/d6ff3_next_dist_f5869406._.js:2287
[ 2489153ms] [WARNING] unknown format "hex" ignored in schema at path "#/items/properties/signature/oneOf/1/properties/bitmap" @ http://localhost:2222/_next/static/chunks/d6ff3_next_dist_f5869406._.js:2287
[ 2489153ms] [WARNING] unknown format "hex" ignored in schema at path "#/items/properties/signature/oneOf/1/properties/bitmap" @ http://localhost:2222/_next/static/chunks/d6ff3_next_dist_f5869406._.js:2287
[ 2489153ms] [WARNING] unknown format "hex" ignored in schema at path "#/items/properties/signature/oneOf/2/properties/secondary_signer_addresses/items" @ http://localhost:2222/_next/static/chunks/d6ff3_next_dist_f5869406._.js:2287
[ 2489154ms] [WARNING] unknown format "hex" ignored in schema at path "#/items/properties/signature/oneOf/2/properties/secondary_signer_addresses/items" @ http://localhost:2222/_next/static/chunks/d6ff3_next_dist_f5869406._.js:2287
[ 2489154ms] [WARNING] unknown format "hex" ignored in schema at path "#/items/properties/signature/oneOf/3/properties/secondary_signer_addresses/items" @ http://localhost:2222/_next/static/chunks/d6ff3_next_dist_f5869406._.js:2287
[ 2489154ms] [WARNING] unknown format "hex" ignored in schema at path "#/items/properties/signature/oneOf/3/properties/secondary_signer_addresses/items" @ http://localhost:2222/_next/static/chunks/d6ff3_next_dist_f5869406._.js:2287
[ 2489154ms] [WARNING] unknown format "hex" ignored in schema at path "#/items/properties/signature/oneOf/3/properties/fee_payer_address" @ http://localhost:2222/_next/static/chunks/d6ff3_next_dist_f5869406._.js:2287
[ 2489154ms] [WARNING] unknown format "hex" ignored in schema at path "#/items/properties/signature/oneOf/3/properties/fee_payer_address" @ http://localhost:2222/_next/static/chunks/d6ff3_next_dist_f5869406._.js:2287
[ 2489162ms] [WARNING] unknown format "hex" ignored in schema at path "#/properties/sender" @ http://localhost:2222/_next/static/chunks/d6ff3_next_dist_f5869406._.js:2287
[ 2489162ms] [WARNING] unknown format "hex" ignored in schema at path "#/properties/sender" @ http://localhost:2222/_next/static/chunks/d6ff3_next_dist_f5869406._.js:2287
[ 2489163ms] [WARNING] unknown format "uint64" ignored in schema at path "#/properties/sequence_number" @ http://localhost:2222/_next/static/chunks/d6ff3_next_dist_f5869406._.js:2287
[ 2489163ms] [WARNING] unknown format "uint64" ignored in schema at path "#/properties/sequence_number" @ http://localhost:2222/_next/static/chunks/d6ff3_next_dist_f5869406._.js:2287
[ 2489163ms] [WARNING] unknown format "uint64" ignored in schema at path "#/properties/max_gas_amount" @ http://localhost:2222/_next/static/chunks/d6ff3_next_dist_f5869406._.js:2287
[ 2489163ms] [WARNING] unknown format "uint64" ignored in schema at path "#/properties/max_gas_amount" @ http://localhost:2222/_next/static/chunks/d6ff3_next_dist_f5869406._.js:2287
[ 2489164ms] [WARNING] unknown format "uint64" ignored in schema at path "#/properties/gas_unit_price" @ http://localhost:2222/_next/static/chunks/d6ff3_next_dist_f5869406._.js:2287
[ 2489164ms] [WARNING] unknown format "uint64" ignored in schema at path "#/properties/gas_unit_price" @ http://localhost:2222/_next/static/chunks/d6ff3_next_dist_f5869406._.js:2287
[ 2489164ms] [WARNING] unknown format "uint64" ignored in schema at path "#/properties/expiration_timestamp_secs" @ http://localhost:2222/_next/static/chunks/d6ff3_next_dist_f5869406._.js:2287
[ 2489164ms] [WARNING] unknown format "uint64" ignored in schema at path "#/properties/expiration_timestamp_secs" @ http://localhost:2222/_next/static/chunks/d6ff3_next_dist_f5869406._.js:2287
[ 2489165ms] [WARNING] unknown format "hex" ignored in schema at path "#/properties/payload/oneOf/1/properties/code/properties/bytecode" @ http://localhost:2222/_next/static/chunks/d6ff3_next_dist_f5869406._.js:2287
[ 2489165ms] [WARNING] unknown format "hex" ignored in schema at path "#/properties/payload/oneOf/1/properties/code/properties/bytecode" @ http://localhost:2222/_next/static/chunks/d6ff3_next_dist_f5869406._.js:2287
[ 2489168ms] [WARNING] unknown format "hex" ignored in schema at path "#/properties/payload/oneOf/3/properties/multisig_address" @ http://localhost:2222/_next/static/chunks/d6ff3_next_dist_f5869406._.js:2287
[ 2489168ms] [WARNING] unknown format "hex" ignored in schema at path "#/properties/payload/oneOf/3/properties/multisig_address" @ http://localhost:2222/_next/static/chunks/d6ff3_next_dist_f5869406._.js:2287
[ 2489168ms] [WARNING] unknown format "uint64" ignored in schema at path "#/properties/replay_protection_nonce" @ http://localhost:2222/_next/static/chunks/d6ff3_next_dist_f5869406._.js:2287
[ 2489168ms] [WARNING] unknown format "uint64" ignored in schema at path "#/properties/replay_protection_nonce" @ http://localhost:2222/_next/static/chunks/d6ff3_next_dist_f5869406._.js:2287
[ 2489169ms] [WARNING] unknown format "hex" ignored in schema at path "#/properties/signature/oneOf/0/properties/public_key" @ http://localhost:2222/_next/static/chunks/d6ff3_next_dist_f5869406._.js:2287
[ 2489170ms] [WARNING] unknown format "hex" ignored in schema at path "#/properties/signature/oneOf/0/properties/public_key" @ http://localhost:2222/_next/static/chunks/d6ff3_next_dist_f5869406._.js:2287
[ 2489170ms] [WARNING] unknown format "hex" ignored in schema at path "#/properties/signature/oneOf/0/properties/signature" @ http://localhost:2222/_next/static/chunks/d6ff3_next_dist_f5869406._.js:2287
[ 2489170ms] [WARNING] unknown format "hex" ignored in schema at path "#/properties/signature/oneOf/0/properties/signature" @ http://localhost:2222/_next/static/chunks/d6ff3_next_dist_f5869406._.js:2287
[ 2489170ms] [WARNING] unknown format "hex" ignored in schema at path "#/properties/signature/oneOf/1/properties/public_keys/items" @ http://localhost:2222/_next/static/chunks/d6ff3_next_dist_f5869406._.js:2287
[ 2489171ms] [WARNING] unknown format "hex" ignored in schema at path "#/properties/signature/oneOf/1/properties/public_keys/items" @ http://localhost:2222/_next/static/chunks/d6ff3_next_dist_f5869406._.js:2287
[ 2489171ms] [WARNING] unknown format "hex" ignored in schema at path "#/properties/signature/oneOf/1/properties/signatures/items" @ http://localhost:2222/_next/static/chunks/d6ff3_next_dist_f5869406._.js:2287
[ 2489171ms] [WARNING] unknown format "hex" ignored in schema at path "#/properties/signature/oneOf/1/properties/signatures/items" @ http://localhost:2222/_next/static/chunks/d6ff3_next_dist_f5869406._.js:2287
[ 2489171ms] [WARNING] unknown format "uint8" ignored in schema at path "#/properties/signature/oneOf/1/properties/threshold" @ http://localhost:2222/_next/static/chunks/d6ff3_next_dist_f5869406._.js:2287
[ 2489171ms] [WARNING] unknown format "uint8" ignored in schema at path "#/properties/signature/oneOf/1/properties/threshold" @ http://localhost:2222/_next/static/chunks/d6ff3_next_dist_f5869406._.js:2287
[ 2489172ms] [WARNING] unknown format "hex" ignored in schema at path "#/properties/signature/oneOf/1/properties/bitmap" @ http://localhost:2222/_next/static/chunks/d6ff3_next_dist_f5869406._.js:2287
[ 2489172ms] [WARNING] unknown format "hex" ignored in schema at path "#/properties/signature/oneOf/1/properties/bitmap" @ http://localhost:2222/_next/static/chunks/d6ff3_next_dist_f5869406._.js:2287
[ 2489172ms] [WARNING] unknown format "hex" ignored in schema at path "#/properties/signature/oneOf/2/properties/secondary_signer_addresses/items" @ http://localhost:2222/_next/static/chunks/d6ff3_next_dist_f5869406._.js:2287
[ 2489172ms] [WARNING] unknown format "hex" ignored in schema at path "#/properties/signature/oneOf/2/properties/secondary_signer_addresses/items" @ http://localhost:2222/_next/static/chunks/d6ff3_next_dist_f5869406._.js:2287
[ 2489173ms] [WARNING] unknown format "hex" ignored in schema at path "#/properties/signature/oneOf/3/properties/secondary_signer_addresses/items" @ http://localhost:2222/_next/static/chunks/d6ff3_next_dist_f5869406._.js:2287
[ 2489173ms] [WARNING] unknown format "hex" ignored in schema at path "#/properties/signature/oneOf/3/properties/secondary_signer_addresses/items" @ http://localhost:2222/_next/static/chunks/d6ff3_next_dist_f5869406._.js:2287
[ 2489173ms] [WARNING] unknown format "hex" ignored in schema at path "#/properties/signature/oneOf/3/properties/fee_payer_address" @ http://localhost:2222/_next/static/chunks/d6ff3_next_dist_f5869406._.js:2287
[ 2489174ms] [WARNING] unknown format "hex" ignored in schema at path "#/properties/signature/oneOf/3/properties/fee_payer_address" @ http://localhost:2222/_next/static/chunks/d6ff3_next_dist_f5869406._.js:2287
[ 2489175ms] [WARNING] unknown format "uint8" ignored in schema at path "#/properties/signature/oneOf/4/oneOf/1/properties/threshold" @ http://localhost:2222/_next/static/chunks/d6ff3_next_dist_f5869406._.js:2287
[ 2489175ms] [WARNING] unknown format "uint8" ignored in schema at path "#/properties/signature/oneOf/4/oneOf/1/properties/threshold" @ http://localhost:2222/_next/static/chunks/d6ff3_next_dist_f5869406._.js:2287
[ 2489176ms] [WARNING] unknown format "uint8" ignored in schema at path "#/properties/signature/oneOf/4/oneOf/3/properties/signatures_required" @ http://localhost:2222/_next/static/chunks/d6ff3_next_dist_f5869406._.js:2287
[ 2489176ms] [WARNING] unknown format "uint8" ignored in schema at path "#/properties/signature/oneOf/4/oneOf/3/properties/signatures_required" @ http://localhost:2222/_next/static/chunks/d6ff3_next_dist_f5869406._.js:2287
[ 2489197ms] [WARNING] unknown format "hex" ignored in schema at path "#/properties/sender" @ http://localhost:2222/_next/static/chunks/d6ff3_next_dist_f5869406._.js:2287
[ 2489197ms] [WARNING] unknown format "hex" ignored in schema at path "#/properties/sender" @ http://localhost:2222/_next/static/chunks/d6ff3_next_dist_f5869406._.js:2287
[ 2489197ms] [WARNING] unknown format "uint64" ignored in schema at path "#/properties/sequence_number" @ http://localhost:2222/_next/static/chunks/d6ff3_next_dist_f5869406._.js:2287
[ 2489198ms] [WARNING] unknown format "uint64" ignored in schema at path "#/properties/sequence_number" @ http://localhost:2222/_next/static/chunks/d6ff3_next_dist_f5869406._.js:2287
[ 2489198ms] [WARNING] unknown format "uint64" ignored in schema at path "#/properties/max_gas_amount" @ http://localhost:2222/_next/static/chunks/d6ff3_next_dist_f5869406._.js:2287
[ 2489198ms] [WARNING] unknown format "uint64" ignored in schema at path "#/properties/max_gas_amount" @ http://localhost:2222/_next/static/chunks/d6ff3_next_dist_f5869406._.js:2287
[ 2489198ms] [WARNING] unknown format "uint64" ignored in schema at path "#/properties/gas_unit_price" @ http://localhost:2222/_next/static/chunks/d6ff3_next_dist_f5869406._.js:2287
[ 2489198ms] [WARNING] unknown format "uint64" ignored in schema at path "#/properties/gas_unit_price" @ http://localhost:2222/_next/static/chunks/d6ff3_next_dist_f5869406._.js:2287
[ 2489198ms] [WARNING] unknown format "uint64" ignored in schema at path "#/properties/expiration_timestamp_secs" @ http://localhost:2222/_next/static/chunks/d6ff3_next_dist_f5869406._.js:2287
[ 2489198ms] [WARNING] unknown format "uint64" ignored in schema at path "#/properties/expiration_timestamp_secs" @ http://localhost:2222/_next/static/chunks/d6ff3_next_dist_f5869406._.js:2287
[ 2489199ms] [WARNING] unknown format "hex" ignored in schema at path "#/properties/payload/oneOf/1/properties/code/properties/bytecode" @ http://localhost:2222/_next/static/chunks/d6ff3_next_dist_f5869406._.js:2287
[ 2489200ms] [WARNING] unknown format "hex" ignored in schema at path "#/properties/payload/oneOf/1/properties/code/properties/bytecode" @ http://localhost:2222/_next/static/chunks/d6ff3_next_dist_f5869406._.js:2287
[ 2489200ms] [WARNING] unknown format "hex" ignored in schema at path "#/properties/payload/oneOf/3/properties/multisig_address" @ http://localhost:2222/_next/static/chunks/d6ff3_next_dist_f5869406._.js:2287
[ 2489200ms] [WARNING] unknown format "hex" ignored in schema at path "#/properties/payload/oneOf/3/properties/multisig_address" @ http://localhost:2222/_next/static/chunks/d6ff3_next_dist_f5869406._.js:2287
[ 2489200ms] [WARNING] unknown format "uint64" ignored in schema at path "#/properties/replay_protection_nonce" @ http://localhost:2222/_next/static/chunks/d6ff3_next_dist_f5869406._.js:2287
[ 2489201ms] [WARNING] unknown format "uint64" ignored in schema at path "#/properties/replay_protection_nonce" @ http://localhost:2222/_next/static/chunks/d6ff3_next_dist_f5869406._.js:2287
[ 2489201ms] [WARNING] unknown format "hex" ignored in schema at path "#/properties/signature/oneOf/0/properties/public_key" @ http://localhost:2222/_next/static/chunks/d6ff3_next_dist_f5869406._.js:2287
[ 2489201ms] [WARNING] unknown format "hex" ignored in schema at path "#/properties/signature/oneOf/0/properties/public_key" @ http://localhost:2222/_next/static/chunks/d6ff3_next_dist_f5869406._.js:2287
[ 2489201ms] [WARNING] unknown format "hex" ignored in schema at path "#/properties/signature/oneOf/0/properties/signature" @ http://localhost:2222/_next/static/chunks/d6ff3_next_dist_f5869406._.js:2287
[ 2489201ms] [WARNING] unknown format "hex" ignored in schema at path "#/properties/signature/oneOf/0/properties/signature" @ http://localhost:2222/_next/static/chunks/d6ff3_next_dist_f5869406._.js:2287
[ 2489202ms] [WARNING] unknown format "hex" ignored in schema at path "#/properties/signature/oneOf/1/properties/public_keys/items" @ http://localhost:2222/_next/static/chunks/d6ff3_next_dist_f5869406._.js:2287
[ 2489202ms] [WARNING] unknown format "hex" ignored in schema at path "#/properties/signature/oneOf/1/properties/public_keys/items" @ http://localhost:2222/_next/static/chunks/d6ff3_next_dist_f5869406._.js:2287
[ 2489202ms] [WARNING] unknown format "hex" ignored in schema at path "#/properties/signature/oneOf/1/properties/signatures/items" @ http://localhost:2222/_next/static/chunks/d6ff3_next_dist_f5869406._.js:2287
[ 2489202ms] [WARNING] unknown format "hex" ignored in schema at path "#/properties/signature/oneOf/1/properties/signatures/items" @ http://localhost:2222/_next/static/chunks/d6ff3_next_dist_f5869406._.js:2287
[ 2489203ms] [WARNING] unknown format "uint8" ignored in schema at path "#/properties/signature/oneOf/1/properties/threshold" @ http://localhost:2222/_next/static/chunks/d6ff3_next_dist_f5869406._.js:2287
[ 2489203ms] [WARNING] unknown format "uint8" ignored in schema at path "#/properties/signature/oneOf/1/properties/threshold" @ http://localhost:2222/_next/static/chunks/d6ff3_next_dist_f5869406._.js:2287
[ 2489203ms] [WARNING] unknown format "hex" ignored in schema at path "#/properties/signature/oneOf/1/properties/bitmap" @ http://localhost:2222/_next/static/chunks/d6ff3_next_dist_f5869406._.js:2287
[ 2489203ms] [WARNING] unknown format "hex" ignored in schema at path "#/properties/signature/oneOf/1/properties/bitmap" @ http://localhost:2222/_next/static/chunks/d6ff3_next_dist_f5869406._.js:2287
[ 2489204ms] [WARNING] unknown format "hex" ignored in schema at path "#/properties/signature/oneOf/2/properties/secondary_signer_addresses/items" @ http://localhost:2222/_next/static/chunks/d6ff3_next_dist_f5869406._.js:2287
[ 2489204ms] [WARNING] unknown format "hex" ignored in schema at path "#/properties/signature/oneOf/2/properties/secondary_signer_addresses/items" @ http://localhost:2222/_next/static/chunks/d6ff3_next_dist_f5869406._.js:2287
[ 2489204ms] [WARNING] unknown format "hex" ignored in schema at path "#/properties/signature/oneOf/3/properties/secondary_signer_addresses/items" @ http://localhost:2222/_next/static/chunks/d6ff3_next_dist_f5869406._.js:2287
[ 2489204ms] [WARNING] unknown format "hex" ignored in schema at path "#/properties/signature/oneOf/3/properties/secondary_signer_addresses/items" @ http://localhost:2222/_next/static/chunks/d6ff3_next_dist_f5869406._.js:2287
[ 2489205ms] [WARNING] unknown format "hex" ignored in schema at path "#/properties/signature/oneOf/3/properties/fee_payer_address" @ http://localhost:2222/_next/static/chunks/d6ff3_next_dist_f5869406._.js:2287
[ 2489205ms] [WARNING] unknown format "hex" ignored in schema at path "#/properties/signature/oneOf/3/properties/fee_payer_address" @ http://localhost:2222/_next/static/chunks/d6ff3_next_dist_f5869406._.js:2287
[ 2489205ms] [WARNING] unknown format "uint8" ignored in schema at path "#/properties/signature/oneOf/4/oneOf/1/properties/threshold" @ http://localhost:2222/_next/static/chunks/d6ff3_next_dist_f5869406._.js:2287
[ 2489205ms] [WARNING] unknown format "uint8" ignored in schema at path "#/properties/signature/oneOf/4/oneOf/1/properties/threshold" @ http://localhost:2222/_next/static/chunks/d6ff3_next_dist_f5869406._.js:2287
[ 2489206ms] [WARNING] unknown format "uint8" ignored in schema at path "#/properties/signature/oneOf/4/oneOf/3/properties/signatures_required" @ http://localhost:2222/_next/static/chunks/d6ff3_next_dist_f5869406._.js:2287
[ 2489206ms] [WARNING] unknown format "uint8" ignored in schema at path "#/properties/signature/oneOf/4/oneOf/3/properties/signatures_required" @ http://localhost:2222/_next/static/chunks/d6ff3_next_dist_f5869406._.js:2287
[ 2489222ms] [WARNING] unknown format "hex" ignored in schema at path "#/properties/sender" @ http://localhost:2222/_next/static/chunks/d6ff3_next_dist_f5869406._.js:2287
[ 2489222ms] [WARNING] unknown format "hex" ignored in schema at path "#/properties/sender" @ http://localhost:2222/_next/static/chunks/d6ff3_next_dist_f5869406._.js:2287
[ 2489223ms] [WARNING] unknown format "uint64" ignored in schema at path "#/properties/sequence_number" @ http://localhost:2222/_next/static/chunks/d6ff3_next_dist_f5869406._.js:2287
[ 2489223ms] [WARNING] unknown format "uint64" ignored in schema at path "#/properties/sequence_number" @ http://localhost:2222/_next/static/chunks/d6ff3_next_dist_f5869406._.js:2287
[ 2489223ms] [WARNING] unknown format "uint64" ignored in schema at path "#/properties/max_gas_amount" @ http://localhost:2222/_next/static/chunks/d6ff3_next_dist_f5869406._.js:2287
[ 2489224ms] [WARNING] unknown format "uint64" ignored in schema at path "#/properties/max_gas_amount" @ http://localhost:2222/_next/static/chunks/d6ff3_next_dist_f5869406._.js:2287
[ 2489224ms] [WARNING] unknown format "uint64" ignored in schema at path "#/properties/gas_unit_price" @ http://localhost:2222/_next/static/chunks/d6ff3_next_dist_f5869406._.js:2287
[ 2489225ms] [WARNING] unknown format "uint64" ignored in schema at path "#/properties/gas_unit_price" @ http://localhost:2222/_next/static/chunks/d6ff3_next_dist_f5869406._.js:2287
[ 2489225ms] [WARNING] unknown format "uint64" ignored in schema at path "#/properties/expiration_timestamp_secs" @ http://localhost:2222/_next/static/chunks/d6ff3_next_dist_f5869406._.js:2287
[ 2489227ms] [WARNING] unknown format "uint64" ignored in schema at path "#/properties/expiration_timestamp_secs" @ http://localhost:2222/_next/static/chunks/d6ff3_next_dist_f5869406._.js:2287
[ 2489230ms] [WARNING] unknown format "hex" ignored in schema at path "#/properties/payload/oneOf/1/properties/code/properties/bytecode" @ http://localhost:2222/_next/static/chunks/d6ff3_next_dist_f5869406._.js:2287
[ 2489231ms] [WARNING] unknown format "hex" ignored in schema at path "#/properties/payload/oneOf/1/properties/code/properties/bytecode" @ http://localhost:2222/_next/static/chunks/d6ff3_next_dist_f5869406._.js:2287
[ 2489234ms] [WARNING] unknown format "hex" ignored in schema at path "#/properties/payload/oneOf/3/properties/multisig_address" @ http://localhost:2222/_next/static/chunks/d6ff3_next_dist_f5869406._.js:2287
[ 2489235ms] [WARNING] unknown format "hex" ignored in schema at path "#/properties/payload/oneOf/3/properties/multisig_address" @ http://localhost:2222/_next/static/chunks/d6ff3_next_dist_f5869406._.js:2287
[ 2489235ms] [WARNING] unknown format "uint64" ignored in schema at path "#/properties/replay_protection_nonce" @ http://localhost:2222/_next/static/chunks/d6ff3_next_dist_f5869406._.js:2287
[ 2489235ms] [WARNING] unknown format "uint64" ignored in schema at path "#/properties/replay_protection_nonce" @ http://localhost:2222/_next/static/chunks/d6ff3_next_dist_f5869406._.js:2287
[ 2489236ms] [WARNING] unknown format "hex" ignored in schema at path "#/properties/secondary_signers/items" @ http://localhost:2222/_next/static/chunks/d6ff3_next_dist_f5869406._.js:2287
[ 2489236ms] [WARNING] unknown format "hex" ignored in schema at path "#/properties/secondary_signers/items" @ http://localhost:2222/_next/static/chunks/d6ff3_next_dist_f5869406._.js:2287
[ 2489241ms] [WARNING] unknown format "hex" ignored in schema at path "#/properties/sender" @ http://localhost:2222/_next/static/chunks/d6ff3_next_dist_f5869406._.js:2287
[ 2489241ms] [WARNING] unknown format "hex" ignored in schema at path "#/properties/sender" @ http://localhost:2222/_next/static/chunks/d6ff3_next_dist_f5869406._.js:2287
[ 2489242ms] [WARNING] unknown format "uint64" ignored in schema at path "#/properties/sequence_number" @ http://localhost:2222/_next/static/chunks/d6ff3_next_dist_f5869406._.js:2287
[ 2489242ms] [WARNING] unknown format "uint64" ignored in schema at path "#/properties/sequence_number" @ http://localhost:2222/_next/static/chunks/d6ff3_next_dist_f5869406._.js:2287
[ 2489243ms] [WARNING] unknown format "uint64" ignored in schema at path "#/properties/max_gas_amount" @ http://localhost:2222/_next/static/chunks/d6ff3_next_dist_f5869406._.js:2287
[ 2489243ms] [WARNING] unknown format "uint64" ignored in schema at path "#/properties/max_gas_amount" @ http://localhost:2222/_next/static/chunks/d6ff3_next_dist_f5869406._.js:2287
[ 2489244ms] [WARNING] unknown format "uint64" ignored in schema at path "#/properties/gas_unit_price" @ http://localhost:2222/_next/static/chunks/d6ff3_next_dist_f5869406._.js:2287
[ 2489244ms] [WARNING] unknown format "uint64" ignored in schema at path "#/properties/gas_unit_price" @ http://localhost:2222/_next/static/chunks/d6ff3_next_dist_f5869406._.js:2287
[ 2489245ms] [WARNING] unknown format "uint64" ignored in schema at path "#/properties/expiration_timestamp_secs" @ http://localhost:2222/_next/static/chunks/d6ff3_next_dist_f5869406._.js:2287
[ 2489245ms] [WARNING] unknown format "uint64" ignored in schema at path "#/properties/expiration_timestamp_secs" @ http://localhost:2222/_next/static/chunks/d6ff3_next_dist_f5869406._.js:2287
[ 2489248ms] [WARNING] unknown format "hex" ignored in schema at path "#/properties/payload/oneOf/1/properties/code/properties/bytecode" @ http://localhost:2222/_next/static/chunks/d6ff3_next_dist_f5869406._.js:2287
[ 2489248ms] [WARNING] unknown format "hex" ignored in schema at path "#/properties/payload/oneOf/1/properties/code/properties/bytecode" @ http://localhost:2222/_next/static/chunks/d6ff3_next_dist_f5869406._.js:2287
[ 2489250ms] [WARNING] unknown format "hex" ignored in schema at path "#/properties/payload/oneOf/3/properties/multisig_address" @ http://localhost:2222/_next/static/chunks/d6ff3_next_dist_f5869406._.js:2287
[ 2489250ms] [WARNING] unknown format "hex" ignored in schema at path "#/properties/payload/oneOf/3/properties/multisig_address" @ http://localhost:2222/_next/static/chunks/d6ff3_next_dist_f5869406._.js:2287
[ 2489251ms] [WARNING] unknown format "uint64" ignored in schema at path "#/properties/replay_protection_nonce" @ http://localhost:2222/_next/static/chunks/d6ff3_next_dist_f5869406._.js:2287
[ 2489252ms] [WARNING] unknown format "uint64" ignored in schema at path "#/properties/replay_protection_nonce" @ http://localhost:2222/_next/static/chunks/d6ff3_next_dist_f5869406._.js:2287
[ 2489252ms] [WARNING] unknown format "hex" ignored in schema at path "#/properties/secondary_signers/items" @ http://localhost:2222/_next/static/chunks/d6ff3_next_dist_f5869406._.js:2287
[ 2489252ms] [WARNING] unknown format "hex" ignored in schema at path "#/properties/secondary_signers/items" @ http://localhost:2222/_next/static/chunks/d6ff3_next_dist_f5869406._.js:2287
[ 2489264ms] [LOG] [Fast Refresh] done in 136ms @ http://localhost:2222/_next/static/chunks/d6ff3_next_dist_f5869406._.js:2287
[ 2494673ms] [LOG] [Fast Refresh] rebuilding @ http://localhost:2222/_next/static/chunks/d6ff3_next_dist_f5869406._.js:2287
[ 2494783ms] [WARNING] unknown format "hex" ignored in schema at path "#/properties/key" @ http://localhost:2222/_next/static/chunks/d6ff3_next_dist_f5869406._.js:2287
[ 2494784ms] [WARNING] unknown format "hex" ignored in schema at path "#/properties/key" @ http://localhost:2222/_next/static/chunks/d6ff3_next_dist_f5869406._.js:2287
[ 2494784ms] [WARNING] unknown format "hex" ignored in schema at path "#/properties/key" @ http://localhost:2222/_next/static/chunks/d6ff3_next_dist_f5869406._.js:2287
[ 2494784ms] [WARNING] unknown format "hex" ignored in schema at path "#/properties/key" @ http://localhost:2222/_next/static/chunks/d6ff3_next_dist_f5869406._.js:2287
[ 2494790ms] [WARNING] unknown format "hex" ignored in schema at path "#/properties/sender" @ http://localhost:2222/_next/static/chunks/d6ff3_next_dist_f5869406._.js:2287
[ 2494790ms] [WARNING] unknown format "hex" ignored in schema at path "#/properties/sender" @ http://localhost:2222/_next/static/chunks/d6ff3_next_dist_f5869406._.js:2287
[ 2494790ms] [WARNING] unknown format "uint64" ignored in schema at path "#/properties/sequence_number" @ http://localhost:2222/_next/static/chunks/d6ff3_next_dist_f5869406._.js:2287
[ 2494790ms] [WARNING] unknown format "uint64" ignored in schema at path "#/properties/sequence_number" @ http://localhost:2222/_next/static/chunks/d6ff3_next_dist_f5869406._.js:2287
[ 2494791ms] [WARNING] unknown format "uint64" ignored in schema at path "#/properties/max_gas_amount" @ http://localhost:2222/_next/static/chunks/d6ff3_next_dist_f5869406._.js:2287
[ 2494791ms] [WARNING] unknown format "uint64" ignored in schema at path "#/properties/max_gas_amount" @ http://localhost:2222/_next/static/chunks/d6ff3_next_dist_f5869406._.js:2287
[ 2494791ms] [WARNING] unknown format "uint64" ignored in schema at path "#/properties/gas_unit_price" @ http://localhost:2222/_next/static/chunks/d6ff3_next_dist_f5869406._.js:2287
[ 2494791ms] [WARNING] unknown format "uint64" ignored in schema at path "#/properties/gas_unit_price" @ http://localhost:2222/_next/static/chunks/d6ff3_next_dist_f5869406._.js:2287
[ 2494791ms] [WARNING] unknown format "uint64" ignored in schema at path "#/properties/expiration_timestamp_secs" @ http://localhost:2222/_next/static/chunks/d6ff3_next_dist_f5869406._.js:2287
[ 2494791ms] [WARNING] unknown format "uint64" ignored in schema at path "#/properties/expiration_timestamp_secs" @ http://localhost:2222/_next/static/chunks/d6ff3_next_dist_f5869406._.js:2287
[ 2494792ms] [WARNING] unknown format "hex" ignored in schema at path "#/properties/payload/oneOf/1/properties/code/properties/bytecode" @ http://localhost:2222/_next/static/chunks/d6ff3_next_dist_f5869406._.js:2287
[ 2494792ms] [WARNING] unknown format "hex" ignored in schema at path "#/properties/payload/oneOf/1/properties/code/properties/bytecode" @ http://localhost:2222/_next/static/chunks/d6ff3_next_dist_f5869406._.js:2287
[ 2494792ms] [WARNING] unknown format "hex" ignored in schema at path "#/properties/payload/oneOf/3/properties/multisig_address" @ http://localhost:2222/_next/static/chunks/d6ff3_next_dist_f5869406._.js:2287
[ 2494793ms] [WARNING] unknown format "hex" ignored in schema at path "#/properties/payload/oneOf/3/properties/multisig_address" @ http://localhost:2222/_next/static/chunks/d6ff3_next_dist_f5869406._.js:2287
[ 2494793ms] [WARNING] unknown format "uint64" ignored in schema at path "#/properties/replay_protection_nonce" @ http://localhost:2222/_next/static/chunks/d6ff3_next_dist_f5869406._.js:2287
[ 2494793ms] [WARNING] unknown format "uint64" ignored in schema at path "#/properties/replay_protection_nonce" @ http://localhost:2222/_next/static/chunks/d6ff3_next_dist_f5869406._.js:2287
[ 2494793ms] [WARNING] unknown format "hex" ignored in schema at path "#/properties/signature/oneOf/0/properties/public_key" @ http://localhost:2222/_next/static/chunks/d6ff3_next_dist_f5869406._.js:2287
[ 2494793ms] [WARNING] unknown format "hex" ignored in schema at path "#/properties/signature/oneOf/0/properties/public_key" @ http://localhost:2222/_next/static/chunks/d6ff3_next_dist_f5869406._.js:2287
[ 2494793ms] [WARNING] unknown format "hex" ignored in schema at path "#/properties/signature/oneOf/0/properties/signature" @ http://localhost:2222/_next/static/chunks/d6ff3_next_dist_f5869406._.js:2287
[ 2494794ms] [WARNING] unknown format "hex" ignored in schema at path "#/properties/signature/oneOf/0/properties/signature" @ http://localhost:2222/_next/static/chunks/d6ff3_next_dist_f5869406._.js:2287
[ 2494794ms] [WARNING] unknown format "hex" ignored in schema at path "#/properties/signature/oneOf/1/properties/public_keys/items" @ http://localhost:2222/_next/static/chunks/d6ff3_next_dist_f5869406._.js:2287
[ 2494794ms] [WARNING] unknown format "hex" ignored in schema at path "#/properties/signature/oneOf/1/properties/public_keys/items" @ http://localhost:2222/_next/static/chunks/d6ff3_next_dist_f5869406._.js:2287
[ 2494794ms] [WARNING] unknown format "hex" ignored in schema at path "#/properties/signature/oneOf/1/properties/signatures/items" @ http://localhost:2222/_next/static/chunks/d6ff3_next_dist_f5869406._.js:2287
[ 2494795ms] [WARNING] unknown format "hex" ignored in schema at path "#/properties/signature/oneOf/1/properties/signatures/items" @ http://localhost:2222/_next/static/chunks/d6ff3_next_dist_f5869406._.js:2287
[ 2494795ms] [WARNING] unknown format "uint8" ignored in schema at path "#/properties/signature/oneOf/1/properties/threshold" @ http://localhost:2222/_next/static/chunks/d6ff3_next_dist_f5869406._.js:2287
[ 2494795ms] [WARNING] unknown format "uint8" ignored in schema at path "#/properties/signature/oneOf/1/properties/threshold" @ http://localhost:2222/_next/static/chunks/d6ff3_next_dist_f5869406._.js:2287
[ 2494796ms] [WARNING] unknown format "hex" ignored in schema at path "#/properties/signature/oneOf/1/properties/bitmap" @ http://localhost:2222/_next/static/chunks/d6ff3_next_dist_f5869406._.js:2287
[ 2494797ms] [WARNING] unknown format "hex" ignored in schema at path "#/properties/signature/oneOf/1/properties/bitmap" @ http://localhost:2222/_next/static/chunks/d6ff3_next_dist_f5869406._.js:2287
[ 2494798ms] [WARNING] unknown format "hex" ignored in schema at path "#/properties/signature/oneOf/2/properties/secondary_signer_addresses/items" @ http://localhost:2222/_next/static/chunks/d6ff3_next_dist_f5869406._.js:2287
[ 2494799ms] [WARNING] unknown format "hex" ignored in schema at path "#/properties/signature/oneOf/2/properties/secondary_signer_addresses/items" @ http://localhost:2222/_next/static/chunks/d6ff3_next_dist_f5869406._.js:2287
[ 2494800ms] [WARNING] unknown format "hex" ignored in schema at path "#/properties/signature/oneOf/3/properties/secondary_signer_addresses/items" @ http://localhost:2222/_next/static/chunks/d6ff3_next_dist_f5869406._.js:2287
[ 2494800ms] [WARNING] unknown format "hex" ignored in schema at path "#/properties/signature/oneOf/3/properties/secondary_signer_addresses/items" @ http://localhost:2222/_next/static/chunks/d6ff3_next_dist_f5869406._.js:2287
[ 2494801ms] [WARNING] unknown format "hex" ignored in schema at path "#/properties/signature/oneOf/3/properties/fee_payer_address" @ http://localhost:2222/_next/static/chunks/d6ff3_next_dist_f5869406._.js:2287
[ 2494802ms] [WARNING] unknown format "hex" ignored in schema at path "#/properties/signature/oneOf/3/properties/fee_payer_address" @ http://localhost:2222/_next/static/chunks/d6ff3_next_dist_f5869406._.js:2287
[ 2494803ms] [WARNING] unknown format "uint8" ignored in schema at path "#/properties/signature/oneOf/4/oneOf/1/properties/threshold" @ http://localhost:2222/_next/static/chunks/d6ff3_next_dist_f5869406._.js:2287
[ 2494803ms] [WARNING] unknown format "uint8" ignored in schema at path "#/properties/signature/oneOf/4/oneOf/1/properties/threshold" @ http://localhost:2222/_next/static/chunks/d6ff3_next_dist_f5869406._.js:2287
[ 2494804ms] [WARNING] unknown format "uint8" ignored in schema at path "#/properties/signature/oneOf/4/oneOf/3/properties/signatures_required" @ http://localhost:2222/_next/static/chunks/d6ff3_next_dist_f5869406._.js:2287
[ 2494805ms] [WARNING] unknown format "uint8" ignored in schema at path "#/properties/signature/oneOf/4/oneOf/3/properties/signatures_required" @ http://localhost:2222/_next/static/chunks/d6ff3_next_dist_f5869406._.js:2287
[ 2494812ms] [WARNING] unknown format "hex" ignored in schema at path "#/properties/sender" @ http://localhost:2222/_next/static/chunks/d6ff3_next_dist_f5869406._.js:2287
[ 2494812ms] [WARNING] unknown format "hex" ignored in schema at path "#/properties/sender" @ http://localhost:2222/_next/static/chunks/d6ff3_next_dist_f5869406._.js:2287
[ 2494813ms] [WARNING] unknown format "uint64" ignored in schema at path "#/properties/sequence_number" @ http://localhost:2222/_next/static/chunks/d6ff3_next_dist_f5869406._.js:2287
[ 2494813ms] [WARNING] unknown format "uint64" ignored in schema at path "#/properties/sequence_number" @ http://localhost:2222/_next/static/chunks/d6ff3_next_dist_f5869406._.js:2287
[ 2494813ms] [WARNING] unknown format "uint64" ignored in schema at path "#/properties/max_gas_amount" @ http://localhost:2222/_next/static/chunks/d6ff3_next_dist_f5869406._.js:2287
[ 2494813ms] [WARNING] unknown format "uint64" ignored in schema at path "#/properties/max_gas_amount" @ http://localhost:2222/_next/static/chunks/d6ff3_next_dist_f5869406._.js:2287
[ 2494813ms] [WARNING] unknown format "uint64" ignored in schema at path "#/properties/gas_unit_price" @ http://localhost:2222/_next/static/chunks/d6ff3_next_dist_f5869406._.js:2287
[ 2494813ms] [WARNING] unknown format "uint64" ignored in schema at path "#/properties/gas_unit_price" @ http://localhost:2222/_next/static/chunks/d6ff3_next_dist_f5869406._.js:2287
[ 2494813ms] [WARNING] unknown format "uint64" ignored in schema at path "#/properties/expiration_timestamp_secs" @ http://localhost:2222/_next/static/chunks/d6ff3_next_dist_f5869406._.js:2287
[ 2494814ms] [WARNING] unknown format "uint64" ignored in schema at path "#/properties/expiration_timestamp_secs" @ http://localhost:2222/_next/static/chunks/d6ff3_next_dist_f5869406._.js:2287
[ 2494814ms] [WARNING] unknown format "hex" ignored in schema at path "#/properties/payload/oneOf/1/properties/code/properties/bytecode" @ http://localhost:2222/_next/static/chunks/d6ff3_next_dist_f5869406._.js:2287
[ 2494814ms] [WARNING] unknown format "hex" ignored in schema at path "#/properties/payload/oneOf/1/properties/code/properties/bytecode" @ http://localhost:2222/_next/static/chunks/d6ff3_next_dist_f5869406._.js:2287
[ 2494815ms] [WARNING] unknown format "hex" ignored in schema at path "#/properties/payload/oneOf/3/properties/multisig_address" @ http://localhost:2222/_next/static/chunks/d6ff3_next_dist_f5869406._.js:2287
[ 2494815ms] [WARNING] unknown format "hex" ignored in schema at path "#/properties/payload/oneOf/3/properties/multisig_address" @ http://localhost:2222/_next/static/chunks/d6ff3_next_dist_f5869406._.js:2287
[ 2494816ms] [WARNING] unknown format "uint64" ignored in schema at path "#/properties/replay_protection_nonce" @ http://localhost:2222/_next/static/chunks/d6ff3_next_dist_f5869406._.js:2287
[ 2494816ms] [WARNING] unknown format "uint64" ignored in schema at path "#/properties/replay_protection_nonce" @ http://localhost:2222/_next/static/chunks/d6ff3_next_dist_f5869406._.js:2287
[ 2494816ms] [WARNING] unknown format "hex" ignored in schema at path "#/properties/signature/oneOf/0/properties/public_key" @ http://localhost:2222/_next/static/chunks/d6ff3_next_dist_f5869406._.js:2287
[ 2494817ms] [WARNING] unknown format "hex" ignored in schema at path "#/properties/signature/oneOf/0/properties/public_key" @ http://localhost:2222/_next/static/chunks/d6ff3_next_dist_f5869406._.js:2287
[ 2494817ms] [WARNING] unknown format "hex" ignored in schema at path "#/properties/signature/oneOf/0/properties/signature" @ http://localhost:2222/_next/static/chunks/d6ff3_next_dist_f5869406._.js:2287
[ 2494817ms] [WARNING] unknown format "hex" ignored in schema at path "#/properties/signature/oneOf/0/properties/signature" @ http://localhost:2222/_next/static/chunks/d6ff3_next_dist_f5869406._.js:2287
[ 2494818ms] [WARNING] unknown format "hex" ignored in schema at path "#/properties/signature/oneOf/1/properties/public_keys/items" @ http://localhost:2222/_next/static/chunks/d6ff3_next_dist_f5869406._.js:2287
[ 2494818ms] [WARNING] unknown format "hex" ignored in schema at path "#/properties/signature/oneOf/1/properties/public_keys/items" @ http://localhost:2222/_next/static/chunks/d6ff3_next_dist_f5869406._.js:2287
[ 2494818ms] [WARNING] unknown format "hex" ignored in schema at path "#/properties/signature/oneOf/1/properties/signatures/items" @ http://localhost:2222/_next/static/chunks/d6ff3_next_dist_f5869406._.js:2287
[ 2494819ms] [WARNING] unknown format "hex" ignored in schema at path "#/properties/signature/oneOf/1/properties/signatures/items" @ http://localhost:2222/_next/static/chunks/d6ff3_next_dist_f5869406._.js:2287
[ 2494819ms] [WARNING] unknown format "uint8" ignored in schema at path "#/properties/signature/oneOf/1/properties/threshold" @ http://localhost:2222/_next/static/chunks/d6ff3_next_dist_f5869406._.js:2287
[ 2494819ms] [WARNING] unknown format "uint8" ignored in schema at path "#/properties/signature/oneOf/1/properties/threshold" @ http://localhost:2222/_next/static/chunks/d6ff3_next_dist_f5869406._.js:2287
[ 2494820ms] [WARNING] unknown format "hex" ignored in schema at path "#/properties/signature/oneOf/1/properties/bitmap" @ http://localhost:2222/_next/static/chunks/d6ff3_next_dist_f5869406._.js:2287
[ 2494820ms] [WARNING] unknown format "hex" ignored in schema at path "#/properties/signature/oneOf/1/properties/bitmap" @ http://localhost:2222/_next/static/chunks/d6ff3_next_dist_f5869406._.js:2287
[ 2494820ms] [WARNING] unknown format "hex" ignored in schema at path "#/properties/signature/oneOf/2/properties/secondary_signer_addresses/items" @ http://localhost:2222/_next/static/chunks/d6ff3_next_dist_f5869406._.js:2287
[ 2494820ms] [WARNING] unknown format "hex" ignored in schema at path "#/properties/signature/oneOf/2/properties/secondary_signer_addresses/items" @ http://localhost:2222/_next/static/chunks/d6ff3_next_dist_f5869406._.js:2287
[ 2494821ms] [WARNING] unknown format "hex" ignored in schema at path "#/properties/signature/oneOf/3/properties/secondary_signer_addresses/items" @ http://localhost:2222/_next/static/chunks/d6ff3_next_dist_f5869406._.js:2287
[ 2494821ms] [WARNING] unknown format "hex" ignored in schema at path "#/properties/signature/oneOf/3/properties/secondary_signer_addresses/items" @ http://localhost:2222/_next/static/chunks/d6ff3_next_dist_f5869406._.js:2287
[ 2494822ms] [WARNING] unknown format "hex" ignored in schema at path "#/properties/signature/oneOf/3/properties/fee_payer_address" @ http://localhost:2222/_next/static/chunks/d6ff3_next_dist_f5869406._.js:2287
[ 2494823ms] [WARNING] unknown format "hex" ignored in schema at path "#/properties/signature/oneOf/3/properties/fee_payer_address" @ http://localhost:2222/_next/static/chunks/d6ff3_next_dist_f5869406._.js:2287
[ 2494824ms] [WARNING] unknown format "uint8" ignored in schema at path "#/properties/signature/oneOf/4/oneOf/1/properties/threshold" @ http://localhost:2222/_next/static/chunks/d6ff3_next_dist_f5869406._.js:2287
[ 2494824ms] [WARNING] unknown format "uint8" ignored in schema at path "#/properties/signature/oneOf/4/oneOf/1/properties/threshold" @ http://localhost:2222/_next/static/chunks/d6ff3_next_dist_f5869406._.js:2287
[ 2494825ms] [WARNING] unknown format "uint8" ignored in schema at path "#/properties/signature/oneOf/4/oneOf/3/properties/signatures_required" @ http://localhost:2222/_next/static/chunks/d6ff3_next_dist_f5869406._.js:2287
[ 2494826ms] [WARNING] unknown format "uint8" ignored in schema at path "#/properties/signature/oneOf/4/oneOf/3/properties/signatures_required" @ http://localhost:2222/_next/static/chunks/d6ff3_next_dist_f5869406._.js:2287
[ 2494836ms] [WARNING] unknown format "hex" ignored in schema at path "#/items/properties/sender" @ http://localhost:2222/_next/static/chunks/d6ff3_next_dist_f5869406._.js:2287
[ 2494836ms] [WARNING] unknown format "hex" ignored in schema at path "#/items/properties/sender" @ http://localhost:2222/_next/static/chunks/d6ff3_next_dist_f5869406._.js:2287
[ 2494836ms] [WARNING] unknown format "uint64" ignored in schema at path "#/items/properties/sequence_number" @ http://localhost:2222/_next/static/chunks/d6ff3_next_dist_f5869406._.js:2287
[ 2494837ms] [WARNING] unknown format "uint64" ignored in schema at path "#/items/properties/sequence_number" @ http://localhost:2222/_next/static/chunks/d6ff3_next_dist_f5869406._.js:2287
[ 2494837ms] [WARNING] unknown format "uint64" ignored in schema at path "#/items/properties/max_gas_amount" @ http://localhost:2222/_next/static/chunks/d6ff3_next_dist_f5869406._.js:2287
[ 2494837ms] [WARNING] unknown format "uint64" ignored in schema at path "#/items/properties/max_gas_amount" @ http://localhost:2222/_next/static/chunks/d6ff3_next_dist_f5869406._.js:2287
[ 2494837ms] [WARNING] unknown format "uint64" ignored in schema at path "#/items/properties/gas_unit_price" @ http://localhost:2222/_next/static/chunks/d6ff3_next_dist_f5869406._.js:2287
[ 2494837ms] [WARNING] unknown format "uint64" ignored in schema at path "#/items/properties/gas_unit_price" @ http://localhost:2222/_next/static/chunks/d6ff3_next_dist_f5869406._.js:2287
[ 2494837ms] [WARNING] unknown format "uint64" ignored in schema at path "#/items/properties/expiration_timestamp_secs" @ http://localhost:2222/_next/static/chunks/d6ff3_next_dist_f5869406._.js:2287
[ 2494838ms] [WARNING] unknown format "uint64" ignored in schema at path "#/items/properties/expiration_timestamp_secs" @ http://localhost:2222/_next/static/chunks/d6ff3_next_dist_f5869406._.js:2287
[ 2494838ms] [WARNING] unknown format "hex" ignored in schema at path "#/items/properties/payload/oneOf/3/properties/multisig_address" @ http://localhost:2222/_next/static/chunks/d6ff3_next_dist_f5869406._.js:2287
[ 2494839ms] [WARNING] unknown format "hex" ignored in schema at path "#/items/properties/payload/oneOf/3/properties/multisig_address" @ http://localhost:2222/_next/static/chunks/d6ff3_next_dist_f5869406._.js:2287
[ 2494839ms] [WARNING] unknown format "uint64" ignored in schema at path "#/items/properties/replay_protection_nonce" @ http://localhost:2222/_next/static/chunks/d6ff3_next_dist_f5869406._.js:2287
[ 2494839ms] [WARNING] unknown format "uint64" ignored in schema at path "#/items/properties/replay_protection_nonce" @ http://localhost:2222/_next/static/chunks/d6ff3_next_dist_f5869406._.js:2287
[ 2494840ms] [WARNING] unknown format "hex" ignored in schema at path "#/items/properties/signature/oneOf/0/properties/public_key" @ http://localhost:2222/_next/static/chunks/d6ff3_next_dist_f5869406._.js:2287
[ 2494840ms] [WARNING] unknown format "hex" ignored in schema at path "#/items/properties/signature/oneOf/0/properties/public_key" @ http://localhost:2222/_next/static/chunks/d6ff3_next_dist_f5869406._.js:2287
[ 2494841ms] [WARNING] unknown format "hex" ignored in schema at path "#/items/properties/signature/oneOf/0/properties/signature" @ http://localhost:2222/_next/static/chunks/d6ff3_next_dist_f5869406._.js:2287
[ 2494841ms] [WARNING] unknown format "hex" ignored in schema at path "#/items/properties/signature/oneOf/0/properties/signature" @ http://localhost:2222/_next/static/chunks/d6ff3_next_dist_f5869406._.js:2287
[ 2494841ms] [WARNING] unknown format "hex" ignored in schema at path "#/items/properties/signature/oneOf/1/properties/public_keys/items" @ http://localhost:2222/_next/static/chunks/d6ff3_next_dist_f5869406._.js:2287
[ 2494841ms] [WARNING] unknown format "hex" ignored in schema at path "#/items/properties/signature/oneOf/1/properties/public_keys/items" @ http://localhost:2222/_next/static/chunks/d6ff3_next_dist_f5869406._.js:2287
[ 2494842ms] [WARNING] unknown format "hex" ignored in schema at path "#/items/properties/signature/oneOf/1/properties/signatures/items" @ http://localhost:2222/_next/static/chunks/d6ff3_next_dist_f5869406._.js:2287
[ 2494842ms] [WARNING] unknown format "hex" ignored in schema at path "#/items/properties/signature/oneOf/1/properties/signatures/items" @ http://localhost:2222/_next/static/chunks/d6ff3_next_dist_f5869406._.js:2287
[ 2494842ms] [WARNING] unknown format "uint8" ignored in schema at path "#/items/properties/signature/oneOf/1/properties/threshold" @ http://localhost:2222/_next/static/chunks/d6ff3_next_dist_f5869406._.js:2287
[ 2494842ms] [WARNING] unknown format "uint8" ignored in schema at path "#/items/properties/signature/oneOf/1/properties/threshold" @ http://localhost:2222/_next/static/chunks/d6ff3_next_dist_f5869406._.js:2287
[ 2494843ms] [WARNING] unknown format "hex" ignored in schema at path "#/items/properties/signature/oneOf/1/properties/bitmap" @ http://localhost:2222/_next/static/chunks/d6ff3_next_dist_f5869406._.js:2287
[ 2494843ms] [WARNING] unknown format "hex" ignored in schema at path "#/items/properties/signature/oneOf/1/properties/bitmap" @ http://localhost:2222/_next/static/chunks/d6ff3_next_dist_f5869406._.js:2287
[ 2494843ms] [WARNING] unknown format "hex" ignored in schema at path "#/items/properties/signature/oneOf/2/properties/secondary_signer_addresses/items" @ http://localhost:2222/_next/static/chunks/d6ff3_next_dist_f5869406._.js:2287
[ 2494843ms] [WARNING] unknown format "hex" ignored in schema at path "#/items/properties/signature/oneOf/2/properties/secondary_signer_addresses/items" @ http://localhost:2222/_next/static/chunks/d6ff3_next_dist_f5869406._.js:2287
[ 2494844ms] [WARNING] unknown format "hex" ignored in schema at path "#/items/properties/signature/oneOf/3/properties/secondary_signer_addresses/items" @ http://localhost:2222/_next/static/chunks/d6ff3_next_dist_f5869406._.js:2287
[ 2494844ms] [WARNING] unknown format "hex" ignored in schema at path "#/items/properties/signature/oneOf/3/properties/secondary_signer_addresses/items" @ http://localhost:2222/_next/static/chunks/d6ff3_next_dist_f5869406._.js:2287
[ 2494844ms] [WARNING] unknown format "hex" ignored in schema at path "#/items/properties/signature/oneOf/3/properties/fee_payer_address" @ http://localhost:2222/_next/static/chunks/d6ff3_next_dist_f5869406._.js:2287
[ 2494844ms] [WARNING] unknown format "hex" ignored in schema at path "#/items/properties/signature/oneOf/3/properties/fee_payer_address" @ http://localhost:2222/_next/static/chunks/d6ff3_next_dist_f5869406._.js:2287
[ 2494850ms] [WARNING] unknown format "hex" ignored in schema at path "#/items/properties/sender" @ http://localhost:2222/_next/static/chunks/d6ff3_next_dist_f5869406._.js:2287
[ 2494850ms] [WARNING] unknown format "hex" ignored in schema at path "#/items/properties/sender" @ http://localhost:2222/_next/static/chunks/d6ff3_next_dist_f5869406._.js:2287
[ 2494850ms] [WARNING] unknown format "uint64" ignored in schema at path "#/items/properties/sequence_number" @ http://localhost:2222/_next/static/chunks/d6ff3_next_dist_f5869406._.js:2287
[ 2494850ms] [WARNING] unknown format "uint64" ignored in schema at path "#/items/properties/sequence_number" @ http://localhost:2222/_next/static/chunks/d6ff3_next_dist_f5869406._.js:2287
[ 2494850ms] [WARNING] unknown format "uint64" ignored in schema at path "#/items/properties/max_gas_amount" @ http://localhost:2222/_next/static/chunks/d6ff3_next_dist_f5869406._.js:2287
[ 2494851ms] [WARNING] unknown format "uint64" ignored in schema at path "#/items/properties/max_gas_amount" @ http://localhost:2222/_next/static/chunks/d6ff3_next_dist_f5869406._.js:2287
[ 2494851ms] [WARNING] unknown format "uint64" ignored in schema at path "#/items/properties/gas_unit_price" @ http://localhost:2222/_next/static/chunks/d6ff3_next_dist_f5869406._.js:2287
[ 2494851ms] [WARNING] unknown format "uint64" ignored in schema at path "#/items/properties/gas_unit_price" @ http://localhost:2222/_next/static/chunks/d6ff3_next_dist_f5869406._.js:2287
[ 2494851ms] [WARNING] unknown format "uint64" ignored in schema at path "#/items/properties/expiration_timestamp_secs" @ http://localhost:2222/_next/static/chunks/d6ff3_next_dist_f5869406._.js:2287
[ 2494852ms] [WARNING] unknown format "uint64" ignored in schema at path "#/items/properties/expiration_timestamp_secs" @ http://localhost:2222/_next/static/chunks/d6ff3_next_dist_f5869406._.js:2287
[ 2494852ms] [WARNING] unknown format "hex" ignored in schema at path "#/items/properties/payload/oneOf/3/properties/multisig_address" @ http://localhost:2222/_next/static/chunks/d6ff3_next_dist_f5869406._.js:2287
[ 2494852ms] [WARNING] unknown format "hex" ignored in schema at path "#/items/properties/payload/oneOf/3/properties/multisig_address" @ http://localhost:2222/_next/static/chunks/d6ff3_next_dist_f5869406._.js:2287
[ 2494853ms] [WARNING] unknown format "uint64" ignored in schema at path "#/items/properties/replay_protection_nonce" @ http://localhost:2222/_next/static/chunks/d6ff3_next_dist_f5869406._.js:2287
[ 2494853ms] [WARNING] unknown format "uint64" ignored in schema at path "#/items/properties/replay_protection_nonce" @ http://localhost:2222/_next/static/chunks/d6ff3_next_dist_f5869406._.js:2287
[ 2494854ms] [WARNING] unknown format "hex" ignored in schema at path "#/items/properties/signature/oneOf/0/properties/public_key" @ http://localhost:2222/_next/static/chunks/d6ff3_next_dist_f5869406._.js:2287
[ 2494854ms] [WARNING] unknown format "hex" ignored in schema at path "#/items/properties/signature/oneOf/0/properties/public_key" @ http://localhost:2222/_next/static/chunks/d6ff3_next_dist_f5869406._.js:2287
[ 2494854ms] [WARNING] unknown format "hex" ignored in schema at path "#/items/properties/signature/oneOf/0/properties/signature" @ http://localhost:2222/_next/static/chunks/d6ff3_next_dist_f5869406._.js:2287
[ 2494854ms] [WARNING] unknown format "hex" ignored in schema at path "#/items/properties/signature/oneOf/0/properties/signature" @ http://localhost:2222/_next/static/chunks/d6ff3_next_dist_f5869406._.js:2287
[ 2494855ms] [WARNING] unknown format "hex" ignored in schema at path "#/items/properties/signature/oneOf/1/properties/public_keys/items" @ http://localhost:2222/_next/static/chunks/d6ff3_next_dist_f5869406._.js:2287
[ 2494855ms] [WARNING] unknown format "hex" ignored in schema at path "#/items/properties/signature/oneOf/1/properties/public_keys/items" @ http://localhost:2222/_next/static/chunks/d6ff3_next_dist_f5869406._.js:2287
[ 2494855ms] [WARNING] unknown format "hex" ignored in schema at path "#/items/properties/signature/oneOf/1/properties/signatures/items" @ http://localhost:2222/_next/static/chunks/d6ff3_next_dist_f5869406._.js:2287
[ 2494856ms] [WARNING] unknown format "hex" ignored in schema at path "#/items/properties/signature/oneOf/1/properties/signatures/items" @ http://localhost:2222/_next/static/chunks/d6ff3_next_dist_f5869406._.js:2287
[ 2494856ms] [WARNING] unknown format "uint8" ignored in schema at path "#/items/properties/signature/oneOf/1/properties/threshold" @ http://localhost:2222/_next/static/chunks/d6ff3_next_dist_f5869406._.js:2287
[ 2494856ms] [WARNING] unknown format "uint8" ignored in schema at path "#/items/properties/signature/oneOf/1/properties/threshold" @ http://localhost:2222/_next/static/chunks/d6ff3_next_dist_f5869406._.js:2287
[ 2494856ms] [WARNING] unknown format "hex" ignored in schema at path "#/items/properties/signature/oneOf/1/properties/bitmap" @ http://localhost:2222/_next/static/chunks/d6ff3_next_dist_f5869406._.js:2287
[ 2494856ms] [WARNING] unknown format "hex" ignored in schema at path "#/items/properties/signature/oneOf/1/properties/bitmap" @ http://localhost:2222/_next/static/chunks/d6ff3_next_dist_f5869406._.js:2287
[ 2494857ms] [WARNING] unknown format "hex" ignored in schema at path "#/items/properties/signature/oneOf/2/properties/secondary_signer_addresses/items" @ http://localhost:2222/_next/static/chunks/d6ff3_next_dist_f5869406._.js:2287
[ 2494857ms] [WARNING] unknown format "hex" ignored in schema at path "#/items/properties/signature/oneOf/2/properties/secondary_signer_addresses/items" @ http://localhost:2222/_next/static/chunks/d6ff3_next_dist_f5869406._.js:2287
[ 2494857ms] [WARNING] unknown format "hex" ignored in schema at path "#/items/properties/signature/oneOf/3/properties/secondary_signer_addresses/items" @ http://localhost:2222/_next/static/chunks/d6ff3_next_dist_f5869406._.js:2287
[ 2494858ms] [WARNING] unknown format "hex" ignored in schema at path "#/items/properties/signature/oneOf/3/properties/secondary_signer_addresses/items" @ http://localhost:2222/_next/static/chunks/d6ff3_next_dist_f5869406._.js:2287
[ 2494858ms] [WARNING] unknown format "hex" ignored in schema at path "#/items/properties/signature/oneOf/3/properties/fee_payer_address" @ http://localhost:2222/_next/static/chunks/d6ff3_next_dist_f5869406._.js:2287
[ 2494858ms] [WARNING] unknown format "hex" ignored in schema at path "#/items/properties/signature/oneOf/3/properties/fee_payer_address" @ http://localhost:2222/_next/static/chunks/d6ff3_next_dist_f5869406._.js:2287
[ 2494865ms] [WARNING] unknown format "hex" ignored in schema at path "#/properties/sender" @ http://localhost:2222/_next/static/chunks/d6ff3_next_dist_f5869406._.js:2287
[ 2494865ms] [WARNING] unknown format "hex" ignored in schema at path "#/properties/sender" @ http://localhost:2222/_next/static/chunks/d6ff3_next_dist_f5869406._.js:2287
[ 2494865ms] [WARNING] unknown format "uint64" ignored in schema at path "#/properties/sequence_number" @ http://localhost:2222/_next/static/chunks/d6ff3_next_dist_f5869406._.js:2287
[ 2494865ms] [WARNING] unknown format "uint64" ignored in schema at path "#/properties/sequence_number" @ http://localhost:2222/_next/static/chunks/d6ff3_next_dist_f5869406._.js:2287
[ 2494865ms] [WARNING] unknown format "uint64" ignored in schema at path "#/properties/max_gas_amount" @ http://localhost:2222/_next/static/chunks/d6ff3_next_dist_f5869406._.js:2287
[ 2494865ms] [WARNING] unknown format "uint64" ignored in schema at path "#/properties/max_gas_amount" @ http://localhost:2222/_next/static/chunks/d6ff3_next_dist_f5869406._.js:2287
[ 2494865ms] [WARNING] unknown format "uint64" ignored in schema at path "#/properties/gas_unit_price" @ http://localhost:2222/_next/static/chunks/d6ff3_next_dist_f5869406._.js:2287
[ 2494866ms] [WARNING] unknown format "uint64" ignored in schema at path "#/properties/gas_unit_price" @ http://localhost:2222/_next/static/chunks/d6ff3_next_dist_f5869406._.js:2287
[ 2494866ms] [WARNING] unknown format "uint64" ignored in schema at path "#/properties/expiration_timestamp_secs" @ http://localhost:2222/_next/static/chunks/d6ff3_next_dist_f5869406._.js:2287
[ 2494866ms] [WARNING] unknown format "uint64" ignored in schema at path "#/properties/expiration_timestamp_secs" @ http://localhost:2222/_next/static/chunks/d6ff3_next_dist_f5869406._.js:2287
[ 2494866ms] [WARNING] unknown format "hex" ignored in schema at path "#/properties/payload/oneOf/1/properties/code/properties/bytecode" @ http://localhost:2222/_next/static/chunks/d6ff3_next_dist_f5869406._.js:2287
[ 2494866ms] [WARNING] unknown format "hex" ignored in schema at path "#/properties/payload/oneOf/1/properties/code/properties/bytecode" @ http://localhost:2222/_next/static/chunks/d6ff3_next_dist_f5869406._.js:2287
[ 2494867ms] [WARNING] unknown format "hex" ignored in schema at path "#/properties/payload/oneOf/3/properties/multisig_address" @ http://localhost:2222/_next/static/chunks/d6ff3_next_dist_f5869406._.js:2287
[ 2494867ms] [WARNING] unknown format "hex" ignored in schema at path "#/properties/payload/oneOf/3/properties/multisig_address" @ http://localhost:2222/_next/static/chunks/d6ff3_next_dist_f5869406._.js:2287
[ 2494867ms] [WARNING] unknown format "uint64" ignored in schema at path "#/properties/replay_protection_nonce" @ http://localhost:2222/_next/static/chunks/d6ff3_next_dist_f5869406._.js:2287
[ 2494867ms] [WARNING] unknown format "uint64" ignored in schema at path "#/properties/replay_protection_nonce" @ http://localhost:2222/_next/static/chunks/d6ff3_next_dist_f5869406._.js:2287
[ 2494867ms] [WARNING] unknown format "hex" ignored in schema at path "#/properties/signature/oneOf/0/properties/public_key" @ http://localhost:2222/_next/static/chunks/d6ff3_next_dist_f5869406._.js:2287
[ 2494868ms] [WARNING] unknown format "hex" ignored in schema at path "#/properties/signature/oneOf/0/properties/public_key" @ http://localhost:2222/_next/static/chunks/d6ff3_next_dist_f5869406._.js:2287
[ 2494868ms] [WARNING] unknown format "hex" ignored in schema at path "#/properties/signature/oneOf/0/properties/signature" @ http://localhost:2222/_next/static/chunks/d6ff3_next_dist_f5869406._.js:2287
[ 2494868ms] [WARNING] unknown format "hex" ignored in schema at path "#/properties/signature/oneOf/0/properties/signature" @ http://localhost:2222/_next/static/chunks/d6ff3_next_dist_f5869406._.js:2287
[ 2494868ms] [WARNING] unknown format "hex" ignored in schema at path "#/properties/signature/oneOf/1/properties/public_keys/items" @ http://localhost:2222/_next/static/chunks/d6ff3_next_dist_f5869406._.js:2287
[ 2494869ms] [WARNING] unknown format "hex" ignored in schema at path "#/properties/signature/oneOf/1/properties/public_keys/items" @ http://localhost:2222/_next/static/chunks/d6ff3_next_dist_f5869406._.js:2287
[ 2494870ms] [WARNING] unknown format "hex" ignored in schema at path "#/properties/signature/oneOf/1/properties/signatures/items" @ http://localhost:2222/_next/static/chunks/d6ff3_next_dist_f5869406._.js:2287
[ 2494870ms] [WARNING] unknown format "hex" ignored in schema at path "#/properties/signature/oneOf/1/properties/signatures/items" @ http://localhost:2222/_next/static/chunks/d6ff3_next_dist_f5869406._.js:2287
[ 2494870ms] [WARNING] unknown format "uint8" ignored in schema at path "#/properties/signature/oneOf/1/properties/threshold" @ http://localhost:2222/_next/static/chunks/d6ff3_next_dist_f5869406._.js:2287
[ 2494870ms] [WARNING] unknown format "uint8" ignored in schema at path "#/properties/signature/oneOf/1/properties/threshold" @ http://localhost:2222/_next/static/chunks/d6ff3_next_dist_f5869406._.js:2287
[ 2494870ms] [WARNING] unknown format "hex" ignored in schema at path "#/properties/signature/oneOf/1/properties/bitmap" @ http://localhost:2222/_next/static/chunks/d6ff3_next_dist_f5869406._.js:2287
[ 2494871ms] [WARNING] unknown format "hex" ignored in schema at path "#/properties/signature/oneOf/1/properties/bitmap" @ http://localhost:2222/_next/static/chunks/d6ff3_next_dist_f5869406._.js:2287
[ 2494871ms] [WARNING] unknown format "hex" ignored in schema at path "#/properties/signature/oneOf/2/properties/secondary_signer_addresses/items" @ http://localhost:2222/_next/static/chunks/d6ff3_next_dist_f5869406._.js:2287
[ 2494871ms] [WARNING] unknown format "hex" ignored in schema at path "#/properties/signature/oneOf/2/properties/secondary_signer_addresses/items" @ http://localhost:2222/_next/static/chunks/d6ff3_next_dist_f5869406._.js:2287
[ 2494872ms] [WARNING] unknown format "hex" ignored in schema at path "#/properties/signature/oneOf/3/properties/secondary_signer_addresses/items" @ http://localhost:2222/_next/static/chunks/d6ff3_next_dist_f5869406._.js:2287
[ 2494872ms] [WARNING] unknown format "hex" ignored in schema at path "#/properties/signature/oneOf/3/properties/secondary_signer_addresses/items" @ http://localhost:2222/_next/static/chunks/d6ff3_next_dist_f5869406._.js:2287
[ 2494872ms] [WARNING] unknown format "hex" ignored in schema at path "#/properties/signature/oneOf/3/properties/fee_payer_address" @ http://localhost:2222/_next/static/chunks/d6ff3_next_dist_f5869406._.js:2287
[ 2494872ms] [WARNING] unknown format "hex" ignored in schema at path "#/properties/signature/oneOf/3/properties/fee_payer_address" @ http://localhost:2222/_next/static/chunks/d6ff3_next_dist_f5869406._.js:2287
[ 2494872ms] [WARNING] unknown format "uint8" ignored in schema at path "#/properties/signature/oneOf/4/oneOf/1/properties/threshold" @ http://localhost:2222/_next/static/chunks/d6ff3_next_dist_f5869406._.js:2287
[ 2494873ms] [WARNING] unknown format "uint8" ignored in schema at path "#/properties/signature/oneOf/4/oneOf/1/properties/threshold" @ http://localhost:2222/_next/static/chunks/d6ff3_next_dist_f5869406._.js:2287
[ 2494873ms] [WARNING] unknown format "uint8" ignored in schema at path "#/properties/signature/oneOf/4/oneOf/3/properties/signatures_required" @ http://localhost:2222/_next/static/chunks/d6ff3_next_dist_f5869406._.js:2287
[ 2494874ms] [WARNING] unknown format "uint8" ignored in schema at path "#/properties/signature/oneOf/4/oneOf/3/properties/signatures_required" @ http://localhost:2222/_next/static/chunks/d6ff3_next_dist_f5869406._.js:2287
[ 2494878ms] [WARNING] unknown format "hex" ignored in schema at path "#/properties/sender" @ http://localhost:2222/_next/static/chunks/d6ff3_next_dist_f5869406._.js:2287
[ 2494878ms] [WARNING] unknown format "hex" ignored in schema at path "#/properties/sender" @ http://localhost:2222/_next/static/chunks/d6ff3_next_dist_f5869406._.js:2287
[ 2494878ms] [WARNING] unknown format "uint64" ignored in schema at path "#/properties/sequence_number" @ http://localhost:2222/_next/static/chunks/d6ff3_next_dist_f5869406._.js:2287
[ 2494878ms] [WARNING] unknown format "uint64" ignored in schema at path "#/properties/sequence_number" @ http://localhost:2222/_next/static/chunks/d6ff3_next_dist_f5869406._.js:2287
[ 2494879ms] [WARNING] unknown format "uint64" ignored in schema at path "#/properties/max_gas_amount" @ http://localhost:2222/_next/static/chunks/d6ff3_next_dist_f5869406._.js:2287
[ 2494879ms] [WARNING] unknown format "uint64" ignored in schema at path "#/properties/max_gas_amount" @ http://localhost:2222/_next/static/chunks/d6ff3_next_dist_f5869406._.js:2287
[ 2494879ms] [WARNING] unknown format "uint64" ignored in schema at path "#/properties/gas_unit_price" @ http://localhost:2222/_next/static/chunks/d6ff3_next_dist_f5869406._.js:2287
[ 2494880ms] [WARNING] unknown format "uint64" ignored in schema at path "#/properties/gas_unit_price" @ http://localhost:2222/_next/static/chunks/d6ff3_next_dist_f5869406._.js:2287
[ 2494880ms] [WARNING] unknown format "uint64" ignored in schema at path "#/properties/expiration_timestamp_secs" @ http://localhost:2222/_next/static/chunks/d6ff3_next_dist_f5869406._.js:2287
[ 2494881ms] [WARNING] unknown format "uint64" ignored in schema at path "#/properties/expiration_timestamp_secs" @ http://localhost:2222/_next/static/chunks/d6ff3_next_dist_f5869406._.js:2287
[ 2494882ms] [WARNING] unknown format "hex" ignored in schema at path "#/properties/payload/oneOf/1/properties/code/properties/bytecode" @ http://localhost:2222/_next/static/chunks/d6ff3_next_dist_f5869406._.js:2287
[ 2494882ms] [WARNING] unknown format "hex" ignored in schema at path "#/properties/payload/oneOf/1/properties/code/properties/bytecode" @ http://localhost:2222/_next/static/chunks/d6ff3_next_dist_f5869406._.js:2287
[ 2494883ms] [WARNING] unknown format "hex" ignored in schema at path "#/properties/payload/oneOf/3/properties/multisig_address" @ http://localhost:2222/_next/static/chunks/d6ff3_next_dist_f5869406._.js:2287
[ 2494883ms] [WARNING] unknown format "hex" ignored in schema at path "#/properties/payload/oneOf/3/properties/multisig_address" @ http://localhost:2222/_next/static/chunks/d6ff3_next_dist_f5869406._.js:2287
[ 2494883ms] [WARNING] unknown format "uint64" ignored in schema at path "#/properties/replay_protection_nonce" @ http://localhost:2222/_next/static/chunks/d6ff3_next_dist_f5869406._.js:2287
[ 2494884ms] [WARNING] unknown format "uint64" ignored in schema at path "#/properties/replay_protection_nonce" @ http://localhost:2222/_next/static/chunks/d6ff3_next_dist_f5869406._.js:2287
[ 2494884ms] [WARNING] unknown format "hex" ignored in schema at path "#/properties/signature/oneOf/0/properties/public_key" @ http://localhost:2222/_next/static/chunks/d6ff3_next_dist_f5869406._.js:2287
[ 2494885ms] [WARNING] unknown format "hex" ignored in schema at path "#/properties/signature/oneOf/0/properties/public_key" @ http://localhost:2222/_next/static/chunks/d6ff3_next_dist_f5869406._.js:2287
[ 2494886ms] [WARNING] unknown format "hex" ignored in schema at path "#/properties/signature/oneOf/0/properties/signature" @ http://localhost:2222/_next/static/chunks/d6ff3_next_dist_f5869406._.js:2287
[ 2494887ms] [WARNING] unknown format "hex" ignored in schema at path "#/properties/signature/oneOf/0/properties/signature" @ http://localhost:2222/_next/static/chunks/d6ff3_next_dist_f5869406._.js:2287
[ 2494887ms] [WARNING] unknown format "hex" ignored in schema at path "#/properties/signature/oneOf/1/properties/public_keys/items" @ http://localhost:2222/_next/static/chunks/d6ff3_next_dist_f5869406._.js:2287
[ 2494888ms] [WARNING] unknown format "hex" ignored in schema at path "#/properties/signature/oneOf/1/properties/public_keys/items" @ http://localhost:2222/_next/static/chunks/d6ff3_next_dist_f5869406._.js:2287
[ 2494890ms] [WARNING] unknown format "hex" ignored in schema at path "#/properties/signature/oneOf/1/properties/signatures/items" @ http://localhost:2222/_next/static/chunks/d6ff3_next_dist_f5869406._.js:2287
[ 2494890ms] [WARNING] unknown format "hex" ignored in schema at path "#/properties/signature/oneOf/1/properties/signatures/items" @ http://localhost:2222/_next/static/chunks/d6ff3_next_dist_f5869406._.js:2287
[ 2494890ms] [WARNING] unknown format "uint8" ignored in schema at path "#/properties/signature/oneOf/1/properties/threshold" @ http://localhost:2222/_next/static/chunks/d6ff3_next_dist_f5869406._.js:2287
[ 2494891ms] [WARNING] unknown format "uint8" ignored in schema at path "#/properties/signature/oneOf/1/properties/threshold" @ http://localhost:2222/_next/static/chunks/d6ff3_next_dist_f5869406._.js:2287
[ 2494891ms] [WARNING] unknown format "hex" ignored in schema at path "#/properties/signature/oneOf/1/properties/bitmap" @ http://localhost:2222/_next/static/chunks/d6ff3_next_dist_f5869406._.js:2287
[ 2494891ms] [WARNING] unknown format "hex" ignored in schema at path "#/properties/signature/oneOf/1/properties/bitmap" @ http://localhost:2222/_next/static/chunks/d6ff3_next_dist_f5869406._.js:2287
[ 2494892ms] [WARNING] unknown format "hex" ignored in schema at path "#/properties/signature/oneOf/2/properties/secondary_signer_addresses/items" @ http://localhost:2222/_next/static/chunks/d6ff3_next_dist_f5869406._.js:2287
[ 2494892ms] [WARNING] unknown format "hex" ignored in schema at path "#/properties/signature/oneOf/2/properties/secondary_signer_addresses/items" @ http://localhost:2222/_next/static/chunks/d6ff3_next_dist_f5869406._.js:2287
[ 2494892ms] [WARNING] unknown format "hex" ignored in schema at path "#/properties/signature/oneOf/3/properties/secondary_signer_addresses/items" @ http://localhost:2222/_next/static/chunks/d6ff3_next_dist_f5869406._.js:2287
[ 2494893ms] [WARNING] unknown format "hex" ignored in schema at path "#/properties/signature/oneOf/3/properties/secondary_signer_addresses/items" @ http://localhost:2222/_next/static/chunks/d6ff3_next_dist_f5869406._.js:2287
[ 2494894ms] [WARNING] unknown format "hex" ignored in schema at path "#/properties/signature/oneOf/3/properties/fee_payer_address" @ http://localhost:2222/_next/static/chunks/d6ff3_next_dist_f5869406._.js:2287
[ 2494894ms] [WARNING] unknown format "hex" ignored in schema at path "#/properties/signature/oneOf/3/properties/fee_payer_address" @ http://localhost:2222/_next/static/chunks/d6ff3_next_dist_f5869406._.js:2287
[ 2494894ms] [WARNING] unknown format "uint8" ignored in schema at path "#/properties/signature/oneOf/4/oneOf/1/properties/threshold" @ http://localhost:2222/_next/static/chunks/d6ff3_next_dist_f5869406._.js:2287
[ 2494894ms] [WARNING] unknown format "uint8" ignored in schema at path "#/properties/signature/oneOf/4/oneOf/1/properties/threshold" @ http://localhost:2222/_next/static/chunks/d6ff3_next_dist_f5869406._.js:2287
[ 2494895ms] [WARNING] unknown format "uint8" ignored in schema at path "#/properties/signature/oneOf/4/oneOf/3/properties/signatures_required" @ http://localhost:2222/_next/static/chunks/d6ff3_next_dist_f5869406._.js:2287
[ 2494895ms] [WARNING] unknown format "uint8" ignored in schema at path "#/properties/signature/oneOf/4/oneOf/3/properties/signatures_required" @ http://localhost:2222/_next/static/chunks/d6ff3_next_dist_f5869406._.js:2287
[ 2494903ms] [WARNING] unknown format "hex" ignored in schema at path "#/properties/sender" @ http://localhost:2222/_next/static/chunks/d6ff3_next_dist_f5869406._.js:2287
[ 2494903ms] [WARNING] unknown format "hex" ignored in schema at path "#/properties/sender" @ http://localhost:2222/_next/static/chunks/d6ff3_next_dist_f5869406._.js:2287
[ 2494903ms] [WARNING] unknown format "uint64" ignored in schema at path "#/properties/sequence_number" @ http://localhost:2222/_next/static/chunks/d6ff3_next_dist_f5869406._.js:2287
[ 2494903ms] [WARNING] unknown format "uint64" ignored in schema at path "#/properties/sequence_number" @ http://localhost:2222/_next/static/chunks/d6ff3_next_dist_f5869406._.js:2287
[ 2494904ms] [WARNING] unknown format "uint64" ignored in schema at path "#/properties/max_gas_amount" @ http://localhost:2222/_next/static/chunks/d6ff3_next_dist_f5869406._.js:2287
[ 2494905ms] [WARNING] unknown format "uint64" ignored in schema at path "#/properties/max_gas_amount" @ http://localhost:2222/_next/static/chunks/d6ff3_next_dist_f5869406._.js:2287
[ 2494906ms] [WARNING] unknown format "uint64" ignored in schema at path "#/properties/gas_unit_price" @ http://localhost:2222/_next/static/chunks/d6ff3_next_dist_f5869406._.js:2287
[ 2494906ms] [WARNING] unknown format "uint64" ignored in schema at path "#/properties/gas_unit_price" @ http://localhost:2222/_next/static/chunks/d6ff3_next_dist_f5869406._.js:2287
[ 2494907ms] [WARNING] unknown format "uint64" ignored in schema at path "#/properties/expiration_timestamp_secs" @ http://localhost:2222/_next/static/chunks/d6ff3_next_dist_f5869406._.js:2287
[ 2494907ms] [WARNING] unknown format "uint64" ignored in schema at path "#/properties/expiration_timestamp_secs" @ http://localhost:2222/_next/static/chunks/d6ff3_next_dist_f5869406._.js:2287
[ 2494908ms] [WARNING] unknown format "hex" ignored in schema at path "#/properties/payload/oneOf/1/properties/code/properties/bytecode" @ http://localhost:2222/_next/static/chunks/d6ff3_next_dist_f5869406._.js:2287
[ 2494908ms] [WARNING] unknown format "hex" ignored in schema at path "#/properties/payload/oneOf/1/properties/code/properties/bytecode" @ http://localhost:2222/_next/static/chunks/d6ff3_next_dist_f5869406._.js:2287
[ 2494909ms] [WARNING] unknown format "hex" ignored in schema at path "#/properties/payload/oneOf/3/properties/multisig_address" @ http://localhost:2222/_next/static/chunks/d6ff3_next_dist_f5869406._.js:2287
[ 2494910ms] [WARNING] unknown format "hex" ignored in schema at path "#/properties/payload/oneOf/3/properties/multisig_address" @ http://localhost:2222/_next/static/chunks/d6ff3_next_dist_f5869406._.js:2287
[ 2494911ms] [WARNING] unknown format "uint64" ignored in schema at path "#/properties/replay_protection_nonce" @ http://localhost:2222/_next/static/chunks/d6ff3_next_dist_f5869406._.js:2287
[ 2494911ms] [WARNING] unknown format "uint64" ignored in schema at path "#/properties/replay_protection_nonce" @ http://localhost:2222/_next/static/chunks/d6ff3_next_dist_f5869406._.js:2287
[ 2494912ms] [WARNING] unknown format "hex" ignored in schema at path "#/properties/secondary_signers/items" @ http://localhost:2222/_next/static/chunks/d6ff3_next_dist_f5869406._.js:2287
[ 2494912ms] [WARNING] unknown format "hex" ignored in schema at path "#/properties/secondary_signers/items" @ http://localhost:2222/_next/static/chunks/d6ff3_next_dist_f5869406._.js:2287
[ 2494916ms] [WARNING] unknown format "hex" ignored in schema at path "#/properties/sender" @ http://localhost:2222/_next/static/chunks/d6ff3_next_dist_f5869406._.js:2287
[ 2494917ms] [WARNING] unknown format "hex" ignored in schema at path "#/properties/sender" @ http://localhost:2222/_next/static/chunks/d6ff3_next_dist_f5869406._.js:2287
[ 2494918ms] [WARNING] unknown format "uint64" ignored in schema at path "#/properties/sequence_number" @ http://localhost:2222/_next/static/chunks/d6ff3_next_dist_f5869406._.js:2287
[ 2494920ms] [WARNING] unknown format "uint64" ignored in schema at path "#/properties/sequence_number" @ http://localhost:2222/_next/static/chunks/d6ff3_next_dist_f5869406._.js:2287
[ 2494921ms] [WARNING] unknown format "uint64" ignored in schema at path "#/properties/max_gas_amount" @ http://localhost:2222/_next/static/chunks/d6ff3_next_dist_f5869406._.js:2287
[ 2494921ms] [WARNING] unknown format "uint64" ignored in schema at path "#/properties/max_gas_amount" @ http://localhost:2222/_next/static/chunks/d6ff3_next_dist_f5869406._.js:2287
[ 2494922ms] [WARNING] unknown format "uint64" ignored in schema at path "#/properties/gas_unit_price" @ http://localhost:2222/_next/static/chunks/d6ff3_next_dist_f5869406._.js:2287
[ 2494923ms] [WARNING] unknown format "uint64" ignored in schema at path "#/properties/gas_unit_price" @ http://localhost:2222/_next/static/chunks/d6ff3_next_dist_f5869406._.js:2287
[ 2494923ms] [WARNING] unknown format "uint64" ignored in schema at path "#/properties/expiration_timestamp_secs" @ http://localhost:2222/_next/static/chunks/d6ff3_next_dist_f5869406._.js:2287
[ 2494924ms] [WARNING] unknown format "uint64" ignored in schema at path "#/properties/expiration_timestamp_secs" @ http://localhost:2222/_next/static/chunks/d6ff3_next_dist_f5869406._.js:2287
[ 2494924ms] [WARNING] unknown format "hex" ignored in schema at path "#/properties/payload/oneOf/1/properties/code/properties/bytecode" @ http://localhost:2222/_next/static/chunks/d6ff3_next_dist_f5869406._.js:2287
[ 2494925ms] [WARNING] unknown format "hex" ignored in schema at path "#/properties/payload/oneOf/1/properties/code/properties/bytecode" @ http://localhost:2222/_next/static/chunks/d6ff3_next_dist_f5869406._.js:2287
[ 2494926ms] [WARNING] unknown format "hex" ignored in schema at path "#/properties/payload/oneOf/3/properties/multisig_address" @ http://localhost:2222/_next/static/chunks/d6ff3_next_dist_f5869406._.js:2287
[ 2494927ms] [WARNING] unknown format "hex" ignored in schema at path "#/properties/payload/oneOf/3/properties/multisig_address" @ http://localhost:2222/_next/static/chunks/d6ff3_next_dist_f5869406._.js:2287
[ 2494927ms] [WARNING] unknown format "uint64" ignored in schema at path "#/properties/replay_protection_nonce" @ http://localhost:2222/_next/static/chunks/d6ff3_next_dist_f5869406._.js:2287
[ 2494927ms] [WARNING] unknown format "uint64" ignored in schema at path "#/properties/replay_protection_nonce" @ http://localhost:2222/_next/static/chunks/d6ff3_next_dist_f5869406._.js:2287
[ 2494928ms] [WARNING] unknown format "hex" ignored in schema at path "#/properties/secondary_signers/items" @ http://localhost:2222/_next/static/chunks/d6ff3_next_dist_f5869406._.js:2287
[ 2494928ms] [WARNING] unknown format "hex" ignored in schema at path "#/properties/secondary_signers/items" @ http://localhost:2222/_next/static/chunks/d6ff3_next_dist_f5869406._.js:2287
[ 2494937ms] [LOG] [Fast Refresh] done in 185ms @ http://localhost:2222/_next/static/chunks/d6ff3_next_dist_f5869406._.js:2287
[ 2507452ms] [LOG] [Fast Refresh] rebuilding @ http://localhost:2222/_next/static/chunks/d6ff3_next_dist_f5869406._.js:2287
[ 2507532ms] [LOG] [Fast Refresh] done in 152ms @ http://localhost:2222/_next/static/chunks/d6ff3_next_dist_f5869406._.js:2287
[ 2514224ms] [LOG] [Fast Refresh] rebuilding @ http://localhost:2222/_next/static/chunks/d6ff3_next_dist_f5869406._.js:2287
[ 2514829ms] [WARNING] unknown format "hex" ignored in schema at path "#/properties/key" @ http://localhost:2222/_next/static/chunks/d6ff3_next_dist_f5869406._.js:2287
[ 2514832ms] [WARNING] unknown format "hex" ignored in schema at path "#/properties/key" @ http://localhost:2222/_next/static/chunks/d6ff3_next_dist_f5869406._.js:2287
[ 2514832ms] [WARNING] unknown format "hex" ignored in schema at path "#/properties/key" @ http://localhost:2222/_next/static/chunks/d6ff3_next_dist_f5869406._.js:2287
[ 2514833ms] [WARNING] unknown format "hex" ignored in schema at path "#/properties/key" @ http://localhost:2222/_next/static/chunks/d6ff3_next_dist_f5869406._.js:2287
[ 2514843ms] [WARNING] unknown format "hex" ignored in schema at path "#/properties/sender" @ http://localhost:2222/_next/static/chunks/d6ff3_next_dist_f5869406._.js:2287
[ 2514843ms] [WARNING] unknown format "hex" ignored in schema at path "#/properties/sender" @ http://localhost:2222/_next/static/chunks/d6ff3_next_dist_f5869406._.js:2287
[ 2514844ms] [WARNING] unknown format "uint64" ignored in schema at path "#/properties/sequence_number" @ http://localhost:2222/_next/static/chunks/d6ff3_next_dist_f5869406._.js:2287
[ 2514844ms] [WARNING] unknown format "uint64" ignored in schema at path "#/properties/sequence_number" @ http://localhost:2222/_next/static/chunks/d6ff3_next_dist_f5869406._.js:2287
[ 2514844ms] [WARNING] unknown format "uint64" ignored in schema at path "#/properties/max_gas_amount" @ http://localhost:2222/_next/static/chunks/d6ff3_next_dist_f5869406._.js:2287
[ 2514844ms] [WARNING] unknown format "uint64" ignored in schema at path "#/properties/max_gas_amount" @ http://localhost:2222/_next/static/chunks/d6ff3_next_dist_f5869406._.js:2287
[ 2514844ms] [WARNING] unknown format "uint64" ignored in schema at path "#/properties/gas_unit_price" @ http://localhost:2222/_next/static/chunks/d6ff3_next_dist_f5869406._.js:2287
[ 2514845ms] [WARNING] unknown format "uint64" ignored in schema at path "#/properties/gas_unit_price" @ http://localhost:2222/_next/static/chunks/d6ff3_next_dist_f5869406._.js:2287
[ 2514846ms] [WARNING] unknown format "uint64" ignored in schema at path "#/properties/expiration_timestamp_secs" @ http://localhost:2222/_next/static/chunks/d6ff3_next_dist_f5869406._.js:2287
[ 2514846ms] [WARNING] unknown format "uint64" ignored in schema at path "#/properties/expiration_timestamp_secs" @ http://localhost:2222/_next/static/chunks/d6ff3_next_dist_f5869406._.js:2287
[ 2514848ms] [WARNING] unknown format "hex" ignored in schema at path "#/properties/payload/oneOf/1/properties/code/properties/bytecode" @ http://localhost:2222/_next/static/chunks/d6ff3_next_dist_f5869406._.js:2287
[ 2514848ms] [WARNING] unknown format "hex" ignored in schema at path "#/properties/payload/oneOf/1/properties/code/properties/bytecode" @ http://localhost:2222/_next/static/chunks/d6ff3_next_dist_f5869406._.js:2287
[ 2514848ms] [WARNING] unknown format "hex" ignored in schema at path "#/properties/payload/oneOf/3/properties/multisig_address" @ http://localhost:2222/_next/static/chunks/d6ff3_next_dist_f5869406._.js:2287
[ 2514849ms] [WARNING] unknown format "hex" ignored in schema at path "#/properties/payload/oneOf/3/properties/multisig_address" @ http://localhost:2222/_next/static/chunks/d6ff3_next_dist_f5869406._.js:2287
[ 2514851ms] [WARNING] unknown format "uint64" ignored in schema at path "#/properties/replay_protection_nonce" @ http://localhost:2222/_next/static/chunks/d6ff3_next_dist_f5869406._.js:2287
[ 2514851ms] [WARNING] unknown format "uint64" ignored in schema at path "#/properties/replay_protection_nonce" @ http://localhost:2222/_next/static/chunks/d6ff3_next_dist_f5869406._.js:2287
[ 2514851ms] [WARNING] unknown format "hex" ignored in schema at path "#/properties/signature/oneOf/0/properties/public_key" @ http://localhost:2222/_next/static/chunks/d6ff3_next_dist_f5869406._.js:2287
[ 2514852ms] [WARNING] unknown format "hex" ignored in schema at path "#/properties/signature/oneOf/0/properties/public_key" @ http://localhost:2222/_next/static/chunks/d6ff3_next_dist_f5869406._.js:2287
[ 2514852ms] [WARNING] unknown format "hex" ignored in schema at path "#/properties/signature/oneOf/0/properties/signature" @ http://localhost:2222/_next/static/chunks/d6ff3_next_dist_f5869406._.js:2287
[ 2514853ms] [WARNING] unknown format "hex" ignored in schema at path "#/properties/signature/oneOf/0/properties/signature" @ http://localhost:2222/_next/static/chunks/d6ff3_next_dist_f5869406._.js:2287
[ 2514853ms] [WARNING] unknown format "hex" ignored in schema at path "#/properties/signature/oneOf/1/properties/public_keys/items" @ http://localhost:2222/_next/static/chunks/d6ff3_next_dist_f5869406._.js:2287
[ 2514854ms] [WARNING] unknown format "hex" ignored in schema at path "#/properties/signature/oneOf/1/properties/public_keys/items" @ http://localhost:2222/_next/static/chunks/d6ff3_next_dist_f5869406._.js:2287
[ 2514854ms] [WARNING] unknown format "hex" ignored in schema at path "#/properties/signature/oneOf/1/properties/signatures/items" @ http://localhost:2222/_next/static/chunks/d6ff3_next_dist_f5869406._.js:2287
[ 2514854ms] [WARNING] unknown format "hex" ignored in schema at path "#/properties/signature/oneOf/1/properties/signatures/items" @ http://localhost:2222/_next/static/chunks/d6ff3_next_dist_f5869406._.js:2287
[ 2514855ms] [WARNING] unknown format "uint8" ignored in schema at path "#/properties/signature/oneOf/1/properties/threshold" @ http://localhost:2222/_next/static/chunks/d6ff3_next_dist_f5869406._.js:2287
[ 2514856ms] [WARNING] unknown format "uint8" ignored in schema at path "#/properties/signature/oneOf/1/properties/threshold" @ http://localhost:2222/_next/static/chunks/d6ff3_next_dist_f5869406._.js:2287
[ 2514856ms] [WARNING] unknown format "hex" ignored in schema at path "#/properties/signature/oneOf/1/properties/bitmap" @ http://localhost:2222/_next/static/chunks/d6ff3_next_dist_f5869406._.js:2287
[ 2514857ms] [WARNING] unknown format "hex" ignored in schema at path "#/properties/signature/oneOf/1/properties/bitmap" @ http://localhost:2222/_next/static/chunks/d6ff3_next_dist_f5869406._.js:2287
[ 2514857ms] [WARNING] unknown format "hex" ignored in schema at path "#/properties/signature/oneOf/2/properties/secondary_signer_addresses/items" @ http://localhost:2222/_next/static/chunks/d6ff3_next_dist_f5869406._.js:2287
[ 2514857ms] [WARNING] unknown format "hex" ignored in schema at path "#/properties/signature/oneOf/2/properties/secondary_signer_addresses/items" @ http://localhost:2222/_next/static/chunks/d6ff3_next_dist_f5869406._.js:2287
[ 2514858ms] [WARNING] unknown format "hex" ignored in schema at path "#/properties/signature/oneOf/3/properties/secondary_signer_addresses/items" @ http://localhost:2222/_next/static/chunks/d6ff3_next_dist_f5869406._.js:2287
[ 2514858ms] [WARNING] unknown format "hex" ignored in schema at path "#/properties/signature/oneOf/3/properties/secondary_signer_addresses/items" @ http://localhost:2222/_next/static/chunks/d6ff3_next_dist_f5869406._.js:2287
[ 2514859ms] [WARNING] unknown format "hex" ignored in schema at path "#/properties/signature/oneOf/3/properties/fee_payer_address" @ http://localhost:2222/_next/static/chunks/d6ff3_next_dist_f5869406._.js:2287
[ 2514859ms] [WARNING] unknown format "hex" ignored in schema at path "#/properties/signature/oneOf/3/properties/fee_payer_address" @ http://localhost:2222/_next/static/chunks/d6ff3_next_dist_f5869406._.js:2287
[ 2514860ms] [WARNING] unknown format "uint8" ignored in schema at path "#/properties/signature/oneOf/4/oneOf/1/properties/threshold" @ http://localhost:2222/_next/static/chunks/d6ff3_next_dist_f5869406._.js:2287
[ 2514860ms] [WARNING] unknown format "uint8" ignored in schema at path "#/properties/signature/oneOf/4/oneOf/1/properties/threshold" @ http://localhost:2222/_next/static/chunks/d6ff3_next_dist_f5869406._.js:2287
[ 2514861ms] [WARNING] unknown format "uint8" ignored in schema at path "#/properties/signature/oneOf/4/oneOf/3/properties/signatures_required" @ http://localhost:2222/_next/static/chunks/d6ff3_next_dist_f5869406._.js:2287
[ 2514861ms] [WARNING] unknown format "uint8" ignored in schema at path "#/properties/signature/oneOf/4/oneOf/3/properties/signatures_required" @ http://localhost:2222/_next/static/chunks/d6ff3_next_dist_f5869406._.js:2287
[ 2514865ms] [WARNING] unknown format "hex" ignored in schema at path "#/properties/sender" @ http://localhost:2222/_next/static/chunks/d6ff3_next_dist_f5869406._.js:2287
[ 2514867ms] [WARNING] unknown format "hex" ignored in schema at path "#/properties/sender" @ http://localhost:2222/_next/static/chunks/d6ff3_next_dist_f5869406._.js:2287
[ 2514868ms] [WARNING] unknown format "uint64" ignored in schema at path "#/properties/sequence_number" @ http://localhost:2222/_next/static/chunks/d6ff3_next_dist_f5869406._.js:2287
[ 2514868ms] [WARNING] unknown format "uint64" ignored in schema at path "#/properties/sequence_number" @ http://localhost:2222/_next/static/chunks/d6ff3_next_dist_f5869406._.js:2287
[ 2514868ms] [WARNING] unknown format "uint64" ignored in schema at path "#/properties/max_gas_amount" @ http://localhost:2222/_next/static/chunks/d6ff3_next_dist_f5869406._.js:2287
[ 2514869ms] [WARNING] unknown format "uint64" ignored in schema at path "#/properties/max_gas_amount" @ http://localhost:2222/_next/static/chunks/d6ff3_next_dist_f5869406._.js:2287
[ 2514870ms] [WARNING] unknown format "uint64" ignored in schema at path "#/properties/gas_unit_price" @ http://localhost:2222/_next/static/chunks/d6ff3_next_dist_f5869406._.js:2287
[ 2514870ms] [WARNING] unknown format "uint64" ignored in schema at path "#/properties/gas_unit_price" @ http://localhost:2222/_next/static/chunks/d6ff3_next_dist_f5869406._.js:2287
[ 2514870ms] [WARNING] unknown format "uint64" ignored in schema at path "#/properties/expiration_timestamp_secs" @ http://localhost:2222/_next/static/chunks/d6ff3_next_dist_f5869406._.js:2287
[ 2514870ms] [WARNING] unknown format "uint64" ignored in schema at path "#/properties/expiration_timestamp_secs" @ http://localhost:2222/_next/static/chunks/d6ff3_next_dist_f5869406._.js:2287
[ 2514871ms] [WARNING] unknown format "hex" ignored in schema at path "#/properties/payload/oneOf/1/properties/code/properties/bytecode" @ http://localhost:2222/_next/static/chunks/d6ff3_next_dist_f5869406._.js:2287
[ 2514871ms] [WARNING] unknown format "hex" ignored in schema at path "#/properties/payload/oneOf/1/properties/code/properties/bytecode" @ http://localhost:2222/_next/static/chunks/d6ff3_next_dist_f5869406._.js:2287
[ 2514872ms] [WARNING] unknown format "hex" ignored in schema at path "#/properties/payload/oneOf/3/properties/multisig_address" @ http://localhost:2222/_next/static/chunks/d6ff3_next_dist_f5869406._.js:2287
[ 2514873ms] [WARNING] unknown format "hex" ignored in schema at path "#/properties/payload/oneOf/3/properties/multisig_address" @ http://localhost:2222/_next/static/chunks/d6ff3_next_dist_f5869406._.js:2287
[ 2514875ms] [WARNING] unknown format "uint64" ignored in schema at path "#/properties/replay_protection_nonce" @ http://localhost:2222/_next/static/chunks/d6ff3_next_dist_f5869406._.js:2287
[ 2514875ms] [WARNING] unknown format "uint64" ignored in schema at path "#/properties/replay_protection_nonce" @ http://localhost:2222/_next/static/chunks/d6ff3_next_dist_f5869406._.js:2287
[ 2514875ms] [WARNING] unknown format "hex" ignored in schema at path "#/properties/signature/oneOf/0/properties/public_key" @ http://localhost:2222/_next/static/chunks/d6ff3_next_dist_f5869406._.js:2287
[ 2514875ms] [WARNING] unknown format "hex" ignored in schema at path "#/properties/signature/oneOf/0/properties/public_key" @ http://localhost:2222/_next/static/chunks/d6ff3_next_dist_f5869406._.js:2287
[ 2514875ms] [WARNING] unknown format "hex" ignored in schema at path "#/properties/signature/oneOf/0/properties/signature" @ http://localhost:2222/_next/static/chunks/d6ff3_next_dist_f5869406._.js:2287
[ 2514877ms] [WARNING] unknown format "hex" ignored in schema at path "#/properties/signature/oneOf/0/properties/signature" @ http://localhost:2222/_next/static/chunks/d6ff3_next_dist_f5869406._.js:2287
[ 2514878ms] [WARNING] unknown format "hex" ignored in schema at path "#/properties/signature/oneOf/1/properties/public_keys/items" @ http://localhost:2222/_next/static/chunks/d6ff3_next_dist_f5869406._.js:2287
[ 2514879ms] [WARNING] unknown format "hex" ignored in schema at path "#/properties/signature/oneOf/1/properties/public_keys/items" @ http://localhost:2222/_next/static/chunks/d6ff3_next_dist_f5869406._.js:2287
[ 2514880ms] [WARNING] unknown format "hex" ignored in schema at path "#/properties/signature/oneOf/1/properties/signatures/items" @ http://localhost:2222/_next/static/chunks/d6ff3_next_dist_f5869406._.js:2287
[ 2514880ms] [WARNING] unknown format "hex" ignored in schema at path "#/properties/signature/oneOf/1/properties/signatures/items" @ http://localhost:2222/_next/static/chunks/d6ff3_next_dist_f5869406._.js:2287
[ 2514880ms] [WARNING] unknown format "uint8" ignored in schema at path "#/properties/signature/oneOf/1/properties/threshold" @ http://localhost:2222/_next/static/chunks/d6ff3_next_dist_f5869406._.js:2287
[ 2514880ms] [WARNING] unknown format "uint8" ignored in schema at path "#/properties/signature/oneOf/1/properties/threshold" @ http://localhost:2222/_next/static/chunks/d6ff3_next_dist_f5869406._.js:2287
[ 2514881ms] [WARNING] unknown format "hex" ignored in schema at path "#/properties/signature/oneOf/1/properties/bitmap" @ http://localhost:2222/_next/static/chunks/d6ff3_next_dist_f5869406._.js:2287
[ 2514881ms] [WARNING] unknown format "hex" ignored in schema at path "#/properties/signature/oneOf/1/properties/bitmap" @ http://localhost:2222/_next/static/chunks/d6ff3_next_dist_f5869406._.js:2287
[ 2514881ms] [WARNING] unknown format "hex" ignored in schema at path "#/properties/signature/oneOf/2/properties/secondary_signer_addresses/items" @ http://localhost:2222/_next/static/chunks/d6ff3_next_dist_f5869406._.js:2287
[ 2514882ms] [WARNING] unknown format "hex" ignored in schema at path "#/properties/signature/oneOf/2/properties/secondary_signer_addresses/items" @ http://localhost:2222/_next/static/chunks/d6ff3_next_dist_f5869406._.js:2287
[ 2514883ms] [WARNING] unknown format "hex" ignored in schema at path "#/properties/signature/oneOf/3/properties/secondary_signer_addresses/items" @ http://localhost:2222/_next/static/chunks/d6ff3_next_dist_f5869406._.js:2287
[ 2514883ms] [WARNING] unknown format "hex" ignored in schema at path "#/properties/signature/oneOf/3/properties/secondary_signer_addresses/items" @ http://localhost:2222/_next/static/chunks/d6ff3_next_dist_f5869406._.js:2287
[ 2514883ms] [WARNING] unknown format "hex" ignored in schema at path "#/properties/signature/oneOf/3/properties/fee_payer_address" @ http://localhost:2222/_next/static/chunks/d6ff3_next_dist_f5869406._.js:2287
[ 2514884ms] [WARNING] unknown format "hex" ignored in schema at path "#/properties/signature/oneOf/3/properties/fee_payer_address" @ http://localhost:2222/_next/static/chunks/d6ff3_next_dist_f5869406._.js:2287
[ 2514885ms] [WARNING] unknown format "uint8" ignored in schema at path "#/properties/signature/oneOf/4/oneOf/1/properties/threshold" @ http://localhost:2222/_next/static/chunks/d6ff3_next_dist_f5869406._.js:2287
[ 2514886ms] [WARNING] unknown format "uint8" ignored in schema at path "#/properties/signature/oneOf/4/oneOf/1/properties/threshold" @ http://localhost:2222/_next/static/chunks/d6ff3_next_dist_f5869406._.js:2287
[ 2514887ms] [WARNING] unknown format "uint8" ignored in schema at path "#/properties/signature/oneOf/4/oneOf/3/properties/signatures_required" @ http://localhost:2222/_next/static/chunks/d6ff3_next_dist_f5869406._.js:2287
[ 2514887ms] [WARNING] unknown format "uint8" ignored in schema at path "#/properties/signature/oneOf/4/oneOf/3/properties/signatures_required" @ http://localhost:2222/_next/static/chunks/d6ff3_next_dist_f5869406._.js:2287
[ 2514901ms] [WARNING] unknown format "hex" ignored in schema at path "#/items/properties/sender" @ http://localhost:2222/_next/static/chunks/d6ff3_next_dist_f5869406._.js:2287
[ 2514902ms] [WARNING] unknown format "hex" ignored in schema at path "#/items/properties/sender" @ http://localhost:2222/_next/static/chunks/d6ff3_next_dist_f5869406._.js:2287
[ 2514903ms] [WARNING] unknown format "uint64" ignored in schema at path "#/items/properties/sequence_number" @ http://localhost:2222/_next/static/chunks/d6ff3_next_dist_f5869406._.js:2287
[ 2514904ms] [WARNING] unknown format "uint64" ignored in schema at path "#/items/properties/sequence_number" @ http://localhost:2222/_next/static/chunks/d6ff3_next_dist_f5869406._.js:2287
[ 2514905ms] [WARNING] unknown format "uint64" ignored in schema at path "#/items/properties/max_gas_amount" @ http://localhost:2222/_next/static/chunks/d6ff3_next_dist_f5869406._.js:2287
[ 2514905ms] [WARNING] unknown format "uint64" ignored in schema at path "#/items/properties/max_gas_amount" @ http://localhost:2222/_next/static/chunks/d6ff3_next_dist_f5869406._.js:2287
[ 2514906ms] [WARNING] unknown format "uint64" ignored in schema at path "#/items/properties/gas_unit_price" @ http://localhost:2222/_next/static/chunks/d6ff3_next_dist_f5869406._.js:2287
[ 2514907ms] [WARNING] unknown format "uint64" ignored in schema at path "#/items/properties/gas_unit_price" @ http://localhost:2222/_next/static/chunks/d6ff3_next_dist_f5869406._.js:2287
[ 2514908ms] [WARNING] unknown format "uint64" ignored in schema at path "#/items/properties/expiration_timestamp_secs" @ http://localhost:2222/_next/static/chunks/d6ff3_next_dist_f5869406._.js:2287
[ 2514908ms] [WARNING] unknown format "uint64" ignored in schema at path "#/items/properties/expiration_timestamp_secs" @ http://localhost:2222/_next/static/chunks/d6ff3_next_dist_f5869406._.js:2287
[ 2514910ms] [WARNING] unknown format "hex" ignored in schema at path "#/items/properties/payload/oneOf/3/properties/multisig_address" @ http://localhost:2222/_next/static/chunks/d6ff3_next_dist_f5869406._.js:2287
[ 2514910ms] [WARNING] unknown format "hex" ignored in schema at path "#/items/properties/payload/oneOf/3/properties/multisig_address" @ http://localhost:2222/_next/static/chunks/d6ff3_next_dist_f5869406._.js:2287
[ 2514912ms] [WARNING] unknown format "uint64" ignored in schema at path "#/items/properties/replay_protection_nonce" @ http://localhost:2222/_next/static/chunks/d6ff3_next_dist_f5869406._.js:2287
[ 2514914ms] [WARNING] unknown format "uint64" ignored in schema at path "#/items/properties/replay_protection_nonce" @ http://localhost:2222/_next/static/chunks/d6ff3_next_dist_f5869406._.js:2287
[ 2514914ms] [WARNING] unknown format "hex" ignored in schema at path "#/items/properties/signature/oneOf/0/properties/public_key" @ http://localhost:2222/_next/static/chunks/d6ff3_next_dist_f5869406._.js:2287
[ 2514916ms] [WARNING] unknown format "hex" ignored in schema at path "#/items/properties/signature/oneOf/0/properties/public_key" @ http://localhost:2222/_next/static/chunks/d6ff3_next_dist_f5869406._.js:2287
[ 2514917ms] [WARNING] unknown format "hex" ignored in schema at path "#/items/properties/signature/oneOf/0/properties/signature" @ http://localhost:2222/_next/static/chunks/d6ff3_next_dist_f5869406._.js:2287
[ 2514918ms] [WARNING] unknown format "hex" ignored in schema at path "#/items/properties/signature/oneOf/0/properties/signature" @ http://localhost:2222/_next/static/chunks/d6ff3_next_dist_f5869406._.js:2287
[ 2514919ms] [WARNING] unknown format "hex" ignored in schema at path "#/items/properties/signature/oneOf/1/properties/public_keys/items" @ http://localhost:2222/_next/static/chunks/d6ff3_next_dist_f5869406._.js:2287
[ 2514919ms] [WARNING] unknown format "hex" ignored in schema at path "#/items/properties/signature/oneOf/1/properties/public_keys/items" @ http://localhost:2222/_next/static/chunks/d6ff3_next_dist_f5869406._.js:2287
[ 2514920ms] [WARNING] unknown format "hex" ignored in schema at path "#/items/properties/signature/oneOf/1/properties/signatures/items" @ http://localhost:2222/_next/static/chunks/d6ff3_next_dist_f5869406._.js:2287
[ 2514921ms] [WARNING] unknown format "hex" ignored in schema at path "#/items/properties/signature/oneOf/1/properties/signatures/items" @ http://localhost:2222/_next/static/chunks/d6ff3_next_dist_f5869406._.js:2287
[ 2514922ms] [WARNING] unknown format "uint8" ignored in schema at path "#/items/properties/signature/oneOf/1/properties/threshold" @ http://localhost:2222/_next/static/chunks/d6ff3_next_dist_f5869406._.js:2287
[ 2514922ms] [WARNING] unknown format "uint8" ignored in schema at path "#/items/properties/signature/oneOf/1/properties/threshold" @ http://localhost:2222/_next/static/chunks/d6ff3_next_dist_f5869406._.js:2287
[ 2514923ms] [WARNING] unknown format "hex" ignored in schema at path "#/items/properties/signature/oneOf/1/properties/bitmap" @ http://localhost:2222/_next/static/chunks/d6ff3_next_dist_f5869406._.js:2287
[ 2514923ms] [WARNING] unknown format "hex" ignored in schema at path "#/items/properties/signature/oneOf/1/properties/bitmap" @ http://localhost:2222/_next/static/chunks/d6ff3_next_dist_f5869406._.js:2287
[ 2514923ms] [WARNING] unknown format "hex" ignored in schema at path "#/items/properties/signature/oneOf/2/properties/secondary_signer_addresses/items" @ http://localhost:2222/_next/static/chunks/d6ff3_next_dist_f5869406._.js:2287
[ 2514923ms] [WARNING] unknown format "hex" ignored in schema at path "#/items/properties/signature/oneOf/2/properties/secondary_signer_addresses/items" @ http://localhost:2222/_next/static/chunks/d6ff3_next_dist_f5869406._.js:2287
[ 2514924ms] [WARNING] unknown format "hex" ignored in schema at path "#/items/properties/signature/oneOf/3/properties/secondary_signer_addresses/items" @ http://localhost:2222/_next/static/chunks/d6ff3_next_dist_f5869406._.js:2287
[ 2514924ms] [WARNING] unknown format "hex" ignored in schema at path "#/items/properties/signature/oneOf/3/properties/secondary_signer_addresses/items" @ http://localhost:2222/_next/static/chunks/d6ff3_next_dist_f5869406._.js:2287
[ 2514924ms] [WARNING] unknown format "hex" ignored in schema at path "#/items/properties/signature/oneOf/3/properties/fee_payer_address" @ http://localhost:2222/_next/static/chunks/d6ff3_next_dist_f5869406._.js:2287
[ 2514925ms] [WARNING] unknown format "hex" ignored in schema at path "#/items/properties/signature/oneOf/3/properties/fee_payer_address" @ http://localhost:2222/_next/static/chunks/d6ff3_next_dist_f5869406._.js:2287
[ 2514929ms] [WARNING] unknown format "hex" ignored in schema at path "#/items/properties/sender" @ http://localhost:2222/_next/static/chunks/d6ff3_next_dist_f5869406._.js:2287
[ 2514930ms] [WARNING] unknown format "hex" ignored in schema at path "#/items/properties/sender" @ http://localhost:2222/_next/static/chunks/d6ff3_next_dist_f5869406._.js:2287
[ 2514930ms] [WARNING] unknown format "uint64" ignored in schema at path "#/items/properties/sequence_number" @ http://localhost:2222/_next/static/chunks/d6ff3_next_dist_f5869406._.js:2287
[ 2514931ms] [WARNING] unknown format "uint64" ignored in schema at path "#/items/properties/sequence_number" @ http://localhost:2222/_next/static/chunks/d6ff3_next_dist_f5869406._.js:2287
[ 2514932ms] [WARNING] unknown format "uint64" ignored in schema at path "#/items/properties/max_gas_amount" @ http://localhost:2222/_next/static/chunks/d6ff3_next_dist_f5869406._.js:2287
[ 2514932ms] [WARNING] unknown format "uint64" ignored in schema at path "#/items/properties/max_gas_amount" @ http://localhost:2222/_next/static/chunks/d6ff3_next_dist_f5869406._.js:2287
[ 2514932ms] [WARNING] unknown format "uint64" ignored in schema at path "#/items/properties/gas_unit_price" @ http://localhost:2222/_next/static/chunks/d6ff3_next_dist_f5869406._.js:2287
[ 2514932ms] [WARNING] unknown format "uint64" ignored in schema at path "#/items/properties/gas_unit_price" @ http://localhost:2222/_next/static/chunks/d6ff3_next_dist_f5869406._.js:2287
[ 2514934ms] [WARNING] unknown format "uint64" ignored in schema at path "#/items/properties/expiration_timestamp_secs" @ http://localhost:2222/_next/static/chunks/d6ff3_next_dist_f5869406._.js:2287
[ 2514934ms] [WARNING] unknown format "uint64" ignored in schema at path "#/items/properties/expiration_timestamp_secs" @ http://localhost:2222/_next/static/chunks/d6ff3_next_dist_f5869406._.js:2287
[ 2514935ms] [WARNING] unknown format "hex" ignored in schema at path "#/items/properties/payload/oneOf/3/properties/multisig_address" @ http://localhost:2222/_next/static/chunks/d6ff3_next_dist_f5869406._.js:2287
[ 2514936ms] [WARNING] unknown format "hex" ignored in schema at path "#/items/properties/payload/oneOf/3/properties/multisig_address" @ http://localhost:2222/_next/static/chunks/d6ff3_next_dist_f5869406._.js:2287
[ 2514936ms] [WARNING] unknown format "uint64" ignored in schema at path "#/items/properties/replay_protection_nonce" @ http://localhost:2222/_next/static/chunks/d6ff3_next_dist_f5869406._.js:2287
[ 2514937ms] [WARNING] unknown format "uint64" ignored in schema at path "#/items/properties/replay_protection_nonce" @ http://localhost:2222/_next/static/chunks/d6ff3_next_dist_f5869406._.js:2287
[ 2514937ms] [WARNING] unknown format "hex" ignored in schema at path "#/items/properties/signature/oneOf/0/properties/public_key" @ http://localhost:2222/_next/static/chunks/d6ff3_next_dist_f5869406._.js:2287
[ 2514938ms] [WARNING] unknown format "hex" ignored in schema at path "#/items/properties/signature/oneOf/0/properties/public_key" @ http://localhost:2222/_next/static/chunks/d6ff3_next_dist_f5869406._.js:2287
[ 2514938ms] [WARNING] unknown format "hex" ignored in schema at path "#/items/properties/signature/oneOf/0/properties/signature" @ http://localhost:2222/_next/static/chunks/d6ff3_next_dist_f5869406._.js:2287
[ 2514939ms] [WARNING] unknown format "hex" ignored in schema at path "#/items/properties/signature/oneOf/0/properties/signature" @ http://localhost:2222/_next/static/chunks/d6ff3_next_dist_f5869406._.js:2287
[ 2514939ms] [WARNING] unknown format "hex" ignored in schema at path "#/items/properties/signature/oneOf/1/properties/public_keys/items" @ http://localhost:2222/_next/static/chunks/d6ff3_next_dist_f5869406._.js:2287
[ 2514940ms] [WARNING] unknown format "hex" ignored in schema at path "#/items/properties/signature/oneOf/1/properties/public_keys/items" @ http://localhost:2222/_next/static/chunks/d6ff3_next_dist_f5869406._.js:2287
[ 2514940ms] [WARNING] unknown format "hex" ignored in schema at path "#/items/properties/signature/oneOf/1/properties/signatures/items" @ http://localhost:2222/_next/static/chunks/d6ff3_next_dist_f5869406._.js:2287
[ 2514941ms] [WARNING] unknown format "hex" ignored in schema at path "#/items/properties/signature/oneOf/1/properties/signatures/items" @ http://localhost:2222/_next/static/chunks/d6ff3_next_dist_f5869406._.js:2287
[ 2514941ms] [WARNING] unknown format "uint8" ignored in schema at path "#/items/properties/signature/oneOf/1/properties/threshold" @ http://localhost:2222/_next/static/chunks/d6ff3_next_dist_f5869406._.js:2287
[ 2514941ms] [WARNING] unknown format "uint8" ignored in schema at path "#/items/properties/signature/oneOf/1/properties/threshold" @ http://localhost:2222/_next/static/chunks/d6ff3_next_dist_f5869406._.js:2287
[ 2514941ms] [WARNING] unknown format "hex" ignored in schema at path "#/items/properties/signature/oneOf/1/properties/bitmap" @ http://localhost:2222/_next/static/chunks/d6ff3_next_dist_f5869406._.js:2287
[ 2514943ms] [WARNING] unknown format "hex" ignored in schema at path "#/items/properties/signature/oneOf/1/properties/bitmap" @ http://localhost:2222/_next/static/chunks/d6ff3_next_dist_f5869406._.js:2287
[ 2514943ms] [WARNING] unknown format "hex" ignored in schema at path "#/items/properties/signature/oneOf/2/properties/secondary_signer_addresses/items" @ http://localhost:2222/_next/static/chunks/d6ff3_next_dist_f5869406._.js:2287
[ 2514944ms] [WARNING] unknown format "hex" ignored in schema at path "#/items/properties/signature/oneOf/2/properties/secondary_signer_addresses/items" @ http://localhost:2222/_next/static/chunks/d6ff3_next_dist_f5869406._.js:2287
[ 2514944ms] [WARNING] unknown format "hex" ignored in schema at path "#/items/properties/signature/oneOf/3/properties/secondary_signer_addresses/items" @ http://localhost:2222/_next/static/chunks/d6ff3_next_dist_f5869406._.js:2287
[ 2514944ms] [WARNING] unknown format "hex" ignored in schema at path "#/items/properties/signature/oneOf/3/properties/secondary_signer_addresses/items" @ http://localhost:2222/_next/static/chunks/d6ff3_next_dist_f5869406._.js:2287
[ 2514945ms] [WARNING] unknown format "hex" ignored in schema at path "#/items/properties/signature/oneOf/3/properties/fee_payer_address" @ http://localhost:2222/_next/static/chunks/d6ff3_next_dist_f5869406._.js:2287
[ 2514945ms] [WARNING] unknown format "hex" ignored in schema at path "#/items/properties/signature/oneOf/3/properties/fee_payer_address" @ http://localhost:2222/_next/static/chunks/d6ff3_next_dist_f5869406._.js:2287
[ 2514952ms] [WARNING] unknown format "hex" ignored in schema at path "#/properties/sender" @ http://localhost:2222/_next/static/chunks/d6ff3_next_dist_f5869406._.js:2287
[ 2514952ms] [WARNING] unknown format "hex" ignored in schema at path "#/properties/sender" @ http://localhost:2222/_next/static/chunks/d6ff3_next_dist_f5869406._.js:2287
[ 2514952ms] [WARNING] unknown format "uint64" ignored in schema at path "#/properties/sequence_number" @ http://localhost:2222/_next/static/chunks/d6ff3_next_dist_f5869406._.js:2287
[ 2514952ms] [WARNING] unknown format "uint64" ignored in schema at path "#/properties/sequence_number" @ http://localhost:2222/_next/static/chunks/d6ff3_next_dist_f5869406._.js:2287
[ 2514952ms] [WARNING] unknown format "uint64" ignored in schema at path "#/properties/max_gas_amount" @ http://localhost:2222/_next/static/chunks/d6ff3_next_dist_f5869406._.js:2287
[ 2514952ms] [WARNING] unknown format "uint64" ignored in schema at path "#/properties/max_gas_amount" @ http://localhost:2222/_next/static/chunks/d6ff3_next_dist_f5869406._.js:2287
[ 2514953ms] [WARNING] unknown format "uint64" ignored in schema at path "#/properties/gas_unit_price" @ http://localhost:2222/_next/static/chunks/d6ff3_next_dist_f5869406._.js:2287
[ 2514954ms] [WARNING] unknown format "uint64" ignored in schema at path "#/properties/gas_unit_price" @ http://localhost:2222/_next/static/chunks/d6ff3_next_dist_f5869406._.js:2287
[ 2514955ms] [WARNING] unknown format "uint64" ignored in schema at path "#/properties/expiration_timestamp_secs" @ http://localhost:2222/_next/static/chunks/d6ff3_next_dist_f5869406._.js:2287
[ 2514955ms] [WARNING] unknown format "uint64" ignored in schema at path "#/properties/expiration_timestamp_secs" @ http://localhost:2222/_next/static/chunks/d6ff3_next_dist_f5869406._.js:2287
[ 2514956ms] [WARNING] unknown format "hex" ignored in schema at path "#/properties/payload/oneOf/1/properties/code/properties/bytecode" @ http://localhost:2222/_next/static/chunks/d6ff3_next_dist_f5869406._.js:2287
[ 2514956ms] [WARNING] unknown format "hex" ignored in schema at path "#/properties/payload/oneOf/1/properties/code/properties/bytecode" @ http://localhost:2222/_next/static/chunks/d6ff3_next_dist_f5869406._.js:2287
[ 2514958ms] [WARNING] unknown format "hex" ignored in schema at path "#/properties/payload/oneOf/3/properties/multisig_address" @ http://localhost:2222/_next/static/chunks/d6ff3_next_dist_f5869406._.js:2287
[ 2514958ms] [WARNING] unknown format "hex" ignored in schema at path "#/properties/payload/oneOf/3/properties/multisig_address" @ http://localhost:2222/_next/static/chunks/d6ff3_next_dist_f5869406._.js:2287
[ 2514958ms] [WARNING] unknown format "uint64" ignored in schema at path "#/properties/replay_protection_nonce" @ http://localhost:2222/_next/static/chunks/d6ff3_next_dist_f5869406._.js:2287
[ 2514958ms] [WARNING] unknown format "uint64" ignored in schema at path "#/properties/replay_protection_nonce" @ http://localhost:2222/_next/static/chunks/d6ff3_next_dist_f5869406._.js:2287
[ 2514958ms] [WARNING] unknown format "hex" ignored in schema at path "#/properties/signature/oneOf/0/properties/public_key" @ http://localhost:2222/_next/static/chunks/d6ff3_next_dist_f5869406._.js:2287
[ 2514959ms] [WARNING] unknown format "hex" ignored in schema at path "#/properties/signature/oneOf/0/properties/public_key" @ http://localhost:2222/_next/static/chunks/d6ff3_next_dist_f5869406._.js:2287
[ 2514959ms] [WARNING] unknown format "hex" ignored in schema at path "#/properties/signature/oneOf/0/properties/signature" @ http://localhost:2222/_next/static/chunks/d6ff3_next_dist_f5869406._.js:2287
[ 2514961ms] [WARNING] unknown format "hex" ignored in schema at path "#/properties/signature/oneOf/0/properties/signature" @ http://localhost:2222/_next/static/chunks/d6ff3_next_dist_f5869406._.js:2287
[ 2514962ms] [WARNING] unknown format "hex" ignored in schema at path "#/properties/signature/oneOf/1/properties/public_keys/items" @ http://localhost:2222/_next/static/chunks/d6ff3_next_dist_f5869406._.js:2287
[ 2514963ms] [WARNING] unknown format "hex" ignored in schema at path "#/properties/signature/oneOf/1/properties/public_keys/items" @ http://localhost:2222/_next/static/chunks/d6ff3_next_dist_f5869406._.js:2287
[ 2514963ms] [WARNING] unknown format "hex" ignored in schema at path "#/properties/signature/oneOf/1/properties/signatures/items" @ http://localhost:2222/_next/static/chunks/d6ff3_next_dist_f5869406._.js:2287
[ 2514964ms] [WARNING] unknown format "hex" ignored in schema at path "#/properties/signature/oneOf/1/properties/signatures/items" @ http://localhost:2222/_next/static/chunks/d6ff3_next_dist_f5869406._.js:2287
[ 2514964ms] [WARNING] unknown format "uint8" ignored in schema at path "#/properties/signature/oneOf/1/properties/threshold" @ http://localhost:2222/_next/static/chunks/d6ff3_next_dist_f5869406._.js:2287
[ 2514964ms] [WARNING] unknown format "uint8" ignored in schema at path "#/properties/signature/oneOf/1/properties/threshold" @ http://localhost:2222/_next/static/chunks/d6ff3_next_dist_f5869406._.js:2287
[ 2514964ms] [WARNING] unknown format "hex" ignored in schema at path "#/properties/signature/oneOf/1/properties/bitmap" @ http://localhost:2222/_next/static/chunks/d6ff3_next_dist_f5869406._.js:2287
[ 2514965ms] [WARNING] unknown format "hex" ignored in schema at path "#/properties/signature/oneOf/1/properties/bitmap" @ http://localhost:2222/_next/static/chunks/d6ff3_next_dist_f5869406._.js:2287
[ 2514966ms] [WARNING] unknown format "hex" ignored in schema at path "#/properties/signature/oneOf/2/properties/secondary_signer_addresses/items" @ http://localhost:2222/_next/static/chunks/d6ff3_next_dist_f5869406._.js:2287
[ 2514968ms] [WARNING] unknown format "hex" ignored in schema at path "#/properties/signature/oneOf/2/properties/secondary_signer_addresses/items" @ http://localhost:2222/_next/static/chunks/d6ff3_next_dist_f5869406._.js:2287
[ 2514969ms] [WARNING] unknown format "hex" ignored in schema at path "#/properties/signature/oneOf/3/properties/secondary_signer_addresses/items" @ http://localhost:2222/_next/static/chunks/d6ff3_next_dist_f5869406._.js:2287
[ 2514970ms] [WARNING] unknown format "hex" ignored in schema at path "#/properties/signature/oneOf/3/properties/secondary_signer_addresses/items" @ http://localhost:2222/_next/static/chunks/d6ff3_next_dist_f5869406._.js:2287
[ 2514971ms] [WARNING] unknown format "hex" ignored in schema at path "#/properties/signature/oneOf/3/properties/fee_payer_address" @ http://localhost:2222/_next/static/chunks/d6ff3_next_dist_f5869406._.js:2287
[ 2514972ms] [WARNING] unknown format "hex" ignored in schema at path "#/properties/signature/oneOf/3/properties/fee_payer_address" @ http://localhost:2222/_next/static/chunks/d6ff3_next_dist_f5869406._.js:2287
[ 2514973ms] [WARNING] unknown format "uint8" ignored in schema at path "#/properties/signature/oneOf/4/oneOf/1/properties/threshold" @ http://localhost:2222/_next/static/chunks/d6ff3_next_dist_f5869406._.js:2287
[ 2514973ms] [WARNING] unknown format "uint8" ignored in schema at path "#/properties/signature/oneOf/4/oneOf/1/properties/threshold" @ http://localhost:2222/_next/static/chunks/d6ff3_next_dist_f5869406._.js:2287
[ 2514974ms] [WARNING] unknown format "uint8" ignored in schema at path "#/properties/signature/oneOf/4/oneOf/3/properties/signatures_required" @ http://localhost:2222/_next/static/chunks/d6ff3_next_dist_f5869406._.js:2287
[ 2514974ms] [WARNING] unknown format "uint8" ignored in schema at path "#/properties/signature/oneOf/4/oneOf/3/properties/signatures_required" @ http://localhost:2222/_next/static/chunks/d6ff3_next_dist_f5869406._.js:2287
[ 2514977ms] [WARNING] unknown format "hex" ignored in schema at path "#/properties/sender" @ http://localhost:2222/_next/static/chunks/d6ff3_next_dist_f5869406._.js:2287
[ 2514978ms] [WARNING] unknown format "hex" ignored in schema at path "#/properties/sender" @ http://localhost:2222/_next/static/chunks/d6ff3_next_dist_f5869406._.js:2287
[ 2514978ms] [WARNING] unknown format "uint64" ignored in schema at path "#/properties/sequence_number" @ http://localhost:2222/_next/static/chunks/d6ff3_next_dist_f5869406._.js:2287
[ 2514978ms] [WARNING] unknown format "uint64" ignored in schema at path "#/properties/sequence_number" @ http://localhost:2222/_next/static/chunks/d6ff3_next_dist_f5869406._.js:2287
[ 2514979ms] [WARNING] unknown format "uint64" ignored in schema at path "#/properties/max_gas_amount" @ http://localhost:2222/_next/static/chunks/d6ff3_next_dist_f5869406._.js:2287
[ 2514980ms] [WARNING] unknown format "uint64" ignored in schema at path "#/properties/max_gas_amount" @ http://localhost:2222/_next/static/chunks/d6ff3_next_dist_f5869406._.js:2287
[ 2514980ms] [WARNING] unknown format "uint64" ignored in schema at path "#/properties/gas_unit_price" @ http://localhost:2222/_next/static/chunks/d6ff3_next_dist_f5869406._.js:2287
[ 2514981ms] [WARNING] unknown format "uint64" ignored in schema at path "#/properties/gas_unit_price" @ http://localhost:2222/_next/static/chunks/d6ff3_next_dist_f5869406._.js:2287
[ 2514981ms] [WARNING] unknown format "uint64" ignored in schema at path "#/properties/expiration_timestamp_secs" @ http://localhost:2222/_next/static/chunks/d6ff3_next_dist_f5869406._.js:2287
[ 2514981ms] [WARNING] unknown format "uint64" ignored in schema at path "#/properties/expiration_timestamp_secs" @ http://localhost:2222/_next/static/chunks/d6ff3_next_dist_f5869406._.js:2287
[ 2514982ms] [WARNING] unknown format "hex" ignored in schema at path "#/properties/payload/oneOf/1/properties/code/properties/bytecode" @ http://localhost:2222/_next/static/chunks/d6ff3_next_dist_f5869406._.js:2287
[ 2514982ms] [WARNING] unknown format "hex" ignored in schema at path "#/properties/payload/oneOf/1/properties/code/properties/bytecode" @ http://localhost:2222/_next/static/chunks/d6ff3_next_dist_f5869406._.js:2287
[ 2514982ms] [WARNING] unknown format "hex" ignored in schema at path "#/properties/payload/oneOf/3/properties/multisig_address" @ http://localhost:2222/_next/static/chunks/d6ff3_next_dist_f5869406._.js:2287
[ 2514983ms] [WARNING] unknown format "hex" ignored in schema at path "#/properties/payload/oneOf/3/properties/multisig_address" @ http://localhost:2222/_next/static/chunks/d6ff3_next_dist_f5869406._.js:2287
[ 2514983ms] [WARNING] unknown format "uint64" ignored in schema at path "#/properties/replay_protection_nonce" @ http://localhost:2222/_next/static/chunks/d6ff3_next_dist_f5869406._.js:2287
[ 2514983ms] [WARNING] unknown format "uint64" ignored in schema at path "#/properties/replay_protection_nonce" @ http://localhost:2222/_next/static/chunks/d6ff3_next_dist_f5869406._.js:2287
[ 2514983ms] [WARNING] unknown format "hex" ignored in schema at path "#/properties/signature/oneOf/0/properties/public_key" @ http://localhost:2222/_next/static/chunks/d6ff3_next_dist_f5869406._.js:2287
[ 2514983ms] [WARNING] unknown format "hex" ignored in schema at path "#/properties/signature/oneOf/0/properties/public_key" @ http://localhost:2222/_next/static/chunks/d6ff3_next_dist_f5869406._.js:2287
[ 2514983ms] [WARNING] unknown format "hex" ignored in schema at path "#/properties/signature/oneOf/0/properties/signature" @ http://localhost:2222/_next/static/chunks/d6ff3_next_dist_f5869406._.js:2287
[ 2514984ms] [WARNING] unknown format "hex" ignored in schema at path "#/properties/signature/oneOf/0/properties/signature" @ http://localhost:2222/_next/static/chunks/d6ff3_next_dist_f5869406._.js:2287
[ 2514984ms] [WARNING] unknown format "hex" ignored in schema at path "#/properties/signature/oneOf/1/properties/public_keys/items" @ http://localhost:2222/_next/static/chunks/d6ff3_next_dist_f5869406._.js:2287
[ 2514984ms] [WARNING] unknown format "hex" ignored in schema at path "#/properties/signature/oneOf/1/properties/public_keys/items" @ http://localhost:2222/_next/static/chunks/d6ff3_next_dist_f5869406._.js:2287
[ 2514984ms] [WARNING] unknown format "hex" ignored in schema at path "#/properties/signature/oneOf/1/properties/signatures/items" @ http://localhost:2222/_next/static/chunks/d6ff3_next_dist_f5869406._.js:2287
[ 2514985ms] [WARNING] unknown format "hex" ignored in schema at path "#/properties/signature/oneOf/1/properties/signatures/items" @ http://localhost:2222/_next/static/chunks/d6ff3_next_dist_f5869406._.js:2287
[ 2514985ms] [WARNING] unknown format "uint8" ignored in schema at path "#/properties/signature/oneOf/1/properties/threshold" @ http://localhost:2222/_next/static/chunks/d6ff3_next_dist_f5869406._.js:2287
[ 2514985ms] [WARNING] unknown format "uint8" ignored in schema at path "#/properties/signature/oneOf/1/properties/threshold" @ http://localhost:2222/_next/static/chunks/d6ff3_next_dist_f5869406._.js:2287
[ 2514985ms] [WARNING] unknown format "hex" ignored in schema at path "#/properties/signature/oneOf/1/properties/bitmap" @ http://localhost:2222/_next/static/chunks/d6ff3_next_dist_f5869406._.js:2287
[ 2514985ms] [WARNING] unknown format "hex" ignored in schema at path "#/properties/signature/oneOf/1/properties/bitmap" @ http://localhost:2222/_next/static/chunks/d6ff3_next_dist_f5869406._.js:2287
[ 2514986ms] [WARNING] unknown format "hex" ignored in schema at path "#/properties/signature/oneOf/2/properties/secondary_signer_addresses/items" @ http://localhost:2222/_next/static/chunks/d6ff3_next_dist_f5869406._.js:2287
[ 2514986ms] [WARNING] unknown format "hex" ignored in schema at path "#/properties/signature/oneOf/2/properties/secondary_signer_addresses/items" @ http://localhost:2222/_next/static/chunks/d6ff3_next_dist_f5869406._.js:2287
[ 2514986ms] [WARNING] unknown format "hex" ignored in schema at path "#/properties/signature/oneOf/3/properties/secondary_signer_addresses/items" @ http://localhost:2222/_next/static/chunks/d6ff3_next_dist_f5869406._.js:2287
[ 2514987ms] [WARNING] unknown format "hex" ignored in schema at path "#/properties/signature/oneOf/3/properties/secondary_signer_addresses/items" @ http://localhost:2222/_next/static/chunks/d6ff3_next_dist_f5869406._.js:2287
[ 2514987ms] [WARNING] unknown format "hex" ignored in schema at path "#/properties/signature/oneOf/3/properties/fee_payer_address" @ http://localhost:2222/_next/static/chunks/d6ff3_next_dist_f5869406._.js:2287
[ 2514987ms] [WARNING] unknown format "hex" ignored in schema at path "#/properties/signature/oneOf/3/properties/fee_payer_address" @ http://localhost:2222/_next/static/chunks/d6ff3_next_dist_f5869406._.js:2287
[ 2514989ms] [WARNING] unknown format "uint8" ignored in schema at path "#/properties/signature/oneOf/4/oneOf/1/properties/threshold" @ http://localhost:2222/_next/static/chunks/d6ff3_next_dist_f5869406._.js:2287
[ 2514989ms] [WARNING] unknown format "uint8" ignored in schema at path "#/properties/signature/oneOf/4/oneOf/1/properties/threshold" @ http://localhost:2222/_next/static/chunks/d6ff3_next_dist_f5869406._.js:2287
[ 2514989ms] [WARNING] unknown format "uint8" ignored in schema at path "#/properties/signature/oneOf/4/oneOf/3/properties/signatures_required" @ http://localhost:2222/_next/static/chunks/d6ff3_next_dist_f5869406._.js:2287
[ 2514989ms] [WARNING] unknown format "uint8" ignored in schema at path "#/properties/signature/oneOf/4/oneOf/3/properties/signatures_required" @ http://localhost:2222/_next/static/chunks/d6ff3_next_dist_f5869406._.js:2287
[ 2514996ms] [WARNING] unknown format "hex" ignored in schema at path "#/properties/sender" @ http://localhost:2222/_next/static/chunks/d6ff3_next_dist_f5869406._.js:2287
[ 2514996ms] [WARNING] unknown format "hex" ignored in schema at path "#/properties/sender" @ http://localhost:2222/_next/static/chunks/d6ff3_next_dist_f5869406._.js:2287
[ 2514996ms] [WARNING] unknown format "uint64" ignored in schema at path "#/properties/sequence_number" @ http://localhost:2222/_next/static/chunks/d6ff3_next_dist_f5869406._.js:2287
[ 2514996ms] [WARNING] unknown format "uint64" ignored in schema at path "#/properties/sequence_number" @ http://localhost:2222/_next/static/chunks/d6ff3_next_dist_f5869406._.js:2287
[ 2514996ms] [WARNING] unknown format "uint64" ignored in schema at path "#/properties/max_gas_amount" @ http://localhost:2222/_next/static/chunks/d6ff3_next_dist_f5869406._.js:2287
[ 2514997ms] [WARNING] unknown format "uint64" ignored in schema at path "#/properties/max_gas_amount" @ http://localhost:2222/_next/static/chunks/d6ff3_next_dist_f5869406._.js:2287
[ 2514997ms] [WARNING] unknown format "uint64" ignored in schema at path "#/properties/gas_unit_price" @ http://localhost:2222/_next/static/chunks/d6ff3_next_dist_f5869406._.js:2287
[ 2514997ms] [WARNING] unknown format "uint64" ignored in schema at path "#/properties/gas_unit_price" @ http://localhost:2222/_next/static/chunks/d6ff3_next_dist_f5869406._.js:2287
[ 2514997ms] [WARNING] unknown format "uint64" ignored in schema at path "#/properties/expiration_timestamp_secs" @ http://localhost:2222/_next/static/chunks/d6ff3_next_dist_f5869406._.js:2287
[ 2514997ms] [WARNING] unknown format "uint64" ignored in schema at path "#/properties/expiration_timestamp_secs" @ http://localhost:2222/_next/static/chunks/d6ff3_next_dist_f5869406._.js:2287
[ 2514997ms] [WARNING] unknown format "hex" ignored in schema at path "#/properties/payload/oneOf/1/properties/code/properties/bytecode" @ http://localhost:2222/_next/static/chunks/d6ff3_next_dist_f5869406._.js:2287
[ 2514998ms] [WARNING] unknown format "hex" ignored in schema at path "#/properties/payload/oneOf/1/properties/code/properties/bytecode" @ http://localhost:2222/_next/static/chunks/d6ff3_next_dist_f5869406._.js:2287
[ 2514999ms] [WARNING] unknown format "hex" ignored in schema at path "#/properties/payload/oneOf/3/properties/multisig_address" @ http://localhost:2222/_next/static/chunks/d6ff3_next_dist_f5869406._.js:2287
[ 2515000ms] [WARNING] unknown format "hex" ignored in schema at path "#/properties/payload/oneOf/3/properties/multisig_address" @ http://localhost:2222/_next/static/chunks/d6ff3_next_dist_f5869406._.js:2287
[ 2515000ms] [WARNING] unknown format "uint64" ignored in schema at path "#/properties/replay_protection_nonce" @ http://localhost:2222/_next/static/chunks/d6ff3_next_dist_f5869406._.js:2287
[ 2515000ms] [WARNING] unknown format "uint64" ignored in schema at path "#/properties/replay_protection_nonce" @ http://localhost:2222/_next/static/chunks/d6ff3_next_dist_f5869406._.js:2287
[ 2515001ms] [WARNING] unknown format "hex" ignored in schema at path "#/properties/secondary_signers/items" @ http://localhost:2222/_next/static/chunks/d6ff3_next_dist_f5869406._.js:2287
[ 2515001ms] [WARNING] unknown format "hex" ignored in schema at path "#/properties/secondary_signers/items" @ http://localhost:2222/_next/static/chunks/d6ff3_next_dist_f5869406._.js:2287
[ 2515003ms] [WARNING] unknown format "hex" ignored in schema at path "#/properties/sender" @ http://localhost:2222/_next/static/chunks/d6ff3_next_dist_f5869406._.js:2287
[ 2515004ms] [WARNING] unknown format "hex" ignored in schema at path "#/properties/sender" @ http://localhost:2222/_next/static/chunks/d6ff3_next_dist_f5869406._.js:2287
[ 2515004ms] [WARNING] unknown format "uint64" ignored in schema at path "#/properties/sequence_number" @ http://localhost:2222/_next/static/chunks/d6ff3_next_dist_f5869406._.js:2287
[ 2515005ms] [WARNING] unknown format "uint64" ignored in schema at path "#/properties/sequence_number" @ http://localhost:2222/_next/static/chunks/d6ff3_next_dist_f5869406._.js:2287
[ 2515006ms] [WARNING] unknown format "uint64" ignored in schema at path "#/properties/max_gas_amount" @ http://localhost:2222/_next/static/chunks/d6ff3_next_dist_f5869406._.js:2287
[ 2515006ms] [WARNING] unknown format "uint64" ignored in schema at path "#/properties/max_gas_amount" @ http://localhost:2222/_next/static/chunks/d6ff3_next_dist_f5869406._.js:2287
[ 2515007ms] [WARNING] unknown format "uint64" ignored in schema at path "#/properties/gas_unit_price" @ http://localhost:2222/_next/static/chunks/d6ff3_next_dist_f5869406._.js:2287
[ 2515007ms] [WARNING] unknown format "uint64" ignored in schema at path "#/properties/gas_unit_price" @ http://localhost:2222/_next/static/chunks/d6ff3_next_dist_f5869406._.js:2287
[ 2515007ms] [WARNING] unknown format "uint64" ignored in schema at path "#/properties/expiration_timestamp_secs" @ http://localhost:2222/_next/static/chunks/d6ff3_next_dist_f5869406._.js:2287
[ 2515007ms] [WARNING] unknown format "uint64" ignored in schema at path "#/properties/expiration_timestamp_secs" @ http://localhost:2222/_next/static/chunks/d6ff3_next_dist_f5869406._.js:2287
[ 2515007ms] [WARNING] unknown format "hex" ignored in schema at path "#/properties/payload/oneOf/1/properties/code/properties/bytecode" @ http://localhost:2222/_next/static/chunks/d6ff3_next_dist_f5869406._.js:2287
[ 2515008ms] [WARNING] unknown format "hex" ignored in schema at path "#/properties/payload/oneOf/1/properties/code/properties/bytecode" @ http://localhost:2222/_next/static/chunks/d6ff3_next_dist_f5869406._.js:2287
[ 2515008ms] [WARNING] unknown format "hex" ignored in schema at path "#/properties/payload/oneOf/3/properties/multisig_address" @ http://localhost:2222/_next/static/chunks/d6ff3_next_dist_f5869406._.js:2287
[ 2515008ms] [WARNING] unknown format "hex" ignored in schema at path "#/properties/payload/oneOf/3/properties/multisig_address" @ http://localhost:2222/_next/static/chunks/d6ff3_next_dist_f5869406._.js:2287
[ 2515008ms] [WARNING] unknown format "uint64" ignored in schema at path "#/properties/replay_protection_nonce" @ http://localhost:2222/_next/static/chunks/d6ff3_next_dist_f5869406._.js:2287
[ 2515009ms] [WARNING] unknown format "uint64" ignored in schema at path "#/properties/replay_protection_nonce" @ http://localhost:2222/_next/static/chunks/d6ff3_next_dist_f5869406._.js:2287
[ 2515009ms] [WARNING] unknown format "hex" ignored in schema at path "#/properties/secondary_signers/items" @ http://localhost:2222/_next/static/chunks/d6ff3_next_dist_f5869406._.js:2287
[ 2515009ms] [WARNING] unknown format "hex" ignored in schema at path "#/properties/secondary_signers/items" @ http://localhost:2222/_next/static/chunks/d6ff3_next_dist_f5869406._.js:2287
[ 2515019ms] [LOG] [Fast Refresh] done in 660ms @ http://localhost:2222/_next/static/chunks/d6ff3_next_dist_f5869406._.js:2287
[ 2622047ms] [LOG] [Fast Refresh] rebuilding @ http://localhost:2222/_next/static/chunks/d6ff3_next_dist_f5869406._.js:2287
[ 2622270ms] [LOG] [Fast Refresh] done in 292ms @ http://localhost:2222/_next/static/chunks/d6ff3_next_dist_f5869406._.js:2287
[ 2635148ms] [LOG] [Fast Refresh] rebuilding @ http://localhost:2222/_next/static/chunks/d6ff3_next_dist_f5869406._.js:2287
[ 2635266ms] [LOG] [Fast Refresh] done in 204ms @ http://localhost:2222/_next/static/chunks/d6ff3_next_dist_f5869406._.js:2287
[ 2667105ms] [LOG] [Fast Refresh] rebuilding @ http://localhost:2222/_next/static/chunks/d6ff3_next_dist_f5869406._.js:2287
[ 2667189ms] [LOG] [Fast Refresh] done in 185ms @ http://localhost:2222/_next/static/chunks/d6ff3_next_dist_f5869406._.js:2287
[ 2698657ms] [LOG] [Fast Refresh] rebuilding @ http://localhost:2222/_next/static/chunks/d6ff3_next_dist_f5869406._.js:2287
[ 2698745ms] [LOG] [Fast Refresh] done in 190ms @ http://localhost:2222/_next/static/chunks/d6ff3_next_dist_f5869406._.js:2287
[ 2761514ms] [LOG] [Fast Refresh] rebuilding @ http://localhost:2222/_next/static/chunks/d6ff3_next_dist_f5869406._.js:2287
[ 2761618ms] [LOG] [Fast Refresh] done in 207ms @ http://localhost:2222/_next/static/chunks/d6ff3_next_dist_f5869406._.js:2287
